"Group","WTP"
"Generic",8.98628429687121
"Generic",9.51190079081386
"Generic",11.8189431624909
"Generic",9.97380949045617
"Generic",10.6394443233103
"Generic",9.87083145121469
"Generic",10.426877007313
"Generic",9.96309123370842
"Generic",10.954745368977
"Generic",9.64745660800593
"Generic",8.80365788192281
"Generic",10.6289847781894
"Generic",9.83358618145398
"Generic",11.0243853063712
"Generic",10.0870647865355
"Generic",11.0176185906832
"Generic",10.2451588716552
"Generic",9.75568216423816
"Generic",10.5079190254739
"Generic",9.67853309926497
"Generic",11.1793314618778
"Generic",10.1026088117625
"Generic",8.57910003494929
"Generic",9.66948094392578
"Generic",8.85733965124907
"Generic",8.47515128573378
"Generic",10.0414460557613
"Generic",10.4535024456883
"Generic",9.46700117793428
"Generic",9.06981037171324
"Generic",9.57857847694014
"Generic",8.91463230935466
"Generic",10.492101256605
"Generic",10.4021521035758
"Generic",8.88329594330365
"Generic",9.56315179690051
"Generic",10.7330512385627
"Generic",9.88235853527035
"Generic",10.0066611247254
"Generic",10.2920681567846
"Generic",10.4387839376765
"Generic",10.844370197096
"Generic",10.5407957580295
"Generic",9.0357030551546
"Generic",9.74630115227937
"Generic",10.2116089470577
"Generic",9.92364408671731
"Generic",8.47458430315725
"Generic",9.46931969250393
"Generic",10.7101858059262
"Generic",10.1106330134456
"Generic",8.9692076936697
"Generic",10.1511483443607
"Generic",9.88890476875451
"Generic",10.4702977113808
"Generic",11.4745910212257
"Generic",8.938869908256
"Generic",9.64645553460644
"Generic",9.90286594176032
"Generic",8.50465649973136
"Generic",9.97814600282789
"Generic",9.5847816734613
"Generic",11.5649219380057
"Generic",7.95741665028165
"Generic",11.0417548177452
"Generic",10.7056172673838
"Generic",10.5145641407342
"Generic",10.1027683949074
"Generic",9.50243979335706
"Generic",10.7739419805471
"Generic",9.37997705447508
"Generic",10.4863332725033
"Generic",10.2818474297202
"Generic",10.7533667375046
"Generic",9.58241749795805
"Generic",9.59330866041608
"Generic",10.2114535946685
"Generic",10.21397960886
"Generic",10.9617988478016
"Generic",10.3397795998702
"Generic",10.1013880275434
"Generic",10.5898338907408
"Generic",9.61947452896607
"Generic",10.7650803273954
"Generic",9.28422087729689
"Generic",10.236703159961
"Generic",8.80520796547109
"Generic",10.1725144807447
"Generic",8.90242580820058
"Generic",9.83796053852427
"Generic",8.76978118495348
"Generic",9.55226611907088
"Generic",9.456683163046
"Generic",10.3883422570916
"Generic",9.59251450894001
"Generic",9.46198342868922
"Generic",10.8550609814703
"Generic",11.1684192867705
"Generic",10.7654362689472
"Generic",8.95613024640098
"Generic",10.8936571578167
"Generic",9.14002370048221
"Generic",9.94963428461273
"Generic",10.5141207423189
"Generic",9.85027904372698
"Generic",9.89472503746753
"Generic",10.0877676983614
"Generic",10.2995006154746
"Generic",10.2879454753513
"Generic",8.79154712229336
"Generic",9.87704623615807
"Generic",10.2007869662435
"Generic",10.4135180081475
"Generic",9.77784780108616
"Generic",9.50814385169608
"Generic",9.04268853888281
"Generic",9.48983492575612
"Generic",9.91493255204995
"Generic",9.55535576578877
"Generic",10.4162918816844
"Generic",10.2572508616284
"Generic",8.87388309571961
"Generic",10.2221322913588
"Generic",10.3791932607526
"Generic",9.81707110705984
"Generic",9.98145296662354
"Generic",9.69743318513239
"Generic",9.79462928004937
"Generic",9.29507191224288
"Generic",10.2976453197479
"Generic",9.14262838536516
"Generic",9.58667474127102
"Generic",9.36045335160306
"Generic",9.39035759995033
"Generic",9.7420110521445
"Generic",9.66032323873507
"Generic",9.51002668457258
"Generic",9.82259627225216
"Generic",8.89057167434457
"Generic",10.0777268572649
"Generic",10.4422923112698
"Generic",9.10183091557627
"Generic",9.0108295648849
"Generic",11.5623979770773
"Generic",10.1676550685689
"Generic",10.0372350488334
"Generic",9.86104478109609
"Generic",10.3448534327845
"Generic",10.0260687427653
"Generic",9.61786163335029
"Generic",9.69726675308457
"Generic",9.75886070556651
"Generic",9.77623142295931
"Generic",9.47381078848212
"Generic",10.7518710664086
"Generic",10.0656755089616
"Generic",9.45885321935823
"Generic",10.4138741144639
"Generic",10.2451599350747
"Generic",9.90369429317196
"Generic",10.280617306928
"Generic",9.3655347033009
"Generic",9.86081182320655
"Generic",9.30059170697094
"Generic",9.17133269590348
"Generic",9.76802094487282
"Generic",10.1176173608739
"Generic",9.36089612852154
"Generic",9.87745931020088
"Generic",8.71868771537963
"Generic",9.68728392364569
"Generic",10.8194670923083
"Generic",9.19400887162419
"Generic",9.16494758596731
"Generic",9.84609697904504
"Generic",10.3742695130882
"Generic",10.8652764158642
"Generic",11.8576185100227
"Generic",10.5606252666523
"Generic",10.4700174685876
"Generic",11.4195468819462
"Generic",9.78935298729137
"Generic",9.85065541614253
"Generic",10.1772891047287
"Generic",9.00593836861163
"Generic",8.71519434120041
"Generic",11.2647525618268
"Generic",9.59750298024273
"Generic",9.67948340024486
"Generic",9.3049309638074
"Generic",10.1008508176662
"Generic",10.413798365705
"Generic",9.83997213348862
"Generic",10.0102932854832
"Generic",10.6659750404501
"Generic",9.99246234609035
"Generic",9.6070595694761
"Generic",9.95757294298744
"Generic",9.4103715577664
"Generic",10.0713216585477
"Generic",9.37145195109616
"Generic",10.9757478116937
"Generic",8.25943326693333
"Generic",10.2809058950675
"Generic",9.65838094392736
"Generic",11.3910041657049
"Generic",9.83587559851888
"Generic",10.3372861522796
"Generic",10.270825778443
"Generic",10.1733706865357
"Generic",10.3626838847455
"Generic",11.3981896137189
"Generic",10.6492561765765
"Generic",10.1374969042143
"Generic",11.2531863532912
"Generic",10.408238424433
"Generic",10.4552335193712
"Generic",10.871521104033
"Generic",10.112774638214
"Generic",10.5078434840203
"Generic",9.80786384730741
"Generic",10.0873852457773
"Generic",10.0277498391292
"Generic",9.5521868737274
"Generic",11.4242572532509
"Generic",9.60877168042781
"Generic",9.75095441252959
"Generic",10.9270921732502
"Generic",9.98556443953971
"Generic",10.8176884990325
"Generic",9.57485001535963
"Generic",9.99101083848619
"Generic",9.82434418510151
"Generic",9.32162045171534
"Generic",9.78768163264309
"Generic",9.54131300223437
"Generic",10.6002131274629
"Generic",9.79631149188346
"Generic",9.94205315688899
"Generic",9.42050871503664
"Generic",10.1506393039277
"Generic",8.87164455016746
"Generic",7.93508975100174
"Generic",11.3160744402861
"Generic",10.5300831881959
"Generic",10.4443100438423
"Generic",8.4344442139379
"Generic",10.473990381919
"Generic",10.3638699894046
"Generic",9.94564147102004
"Generic",10.5775271338576
"Generic",10.7843983214943
"Generic",9.91448548056914
"Generic",11.3617359543612
"Generic",10.6918538896499
"Generic",10.8570697669
"Generic",9.77941766961715
"Generic",9.90821400103695
"Generic",9.35419020428227
"Generic",10.2851583598362
"Generic",10.1848080040664
"Generic",10.0638984877592
"Generic",9.52351879979397
"Generic",9.83762135340831
"Generic",11.3895782479352
"Generic",9.34958845002634
"Generic",9.71573683716166
"Generic",9.01759721233128
"Generic",9.13148965269685
"Generic",9.79926435899537
"Generic",9.72609888874905
"Generic",9.5681689050372
"Generic",9.45830898332698
"Generic",9.86236115374672
"Generic",10.7938143801843
"Generic",9.74953917013132
"Generic",9.10175729546383
"Generic",9.25166373684952
"Generic",8.59695664565021
"Generic",8.80263857444735
"Generic",9.47680587206592
"Generic",9.31650917713594
"Generic",9.19568172257922
"Generic",11.3924705576652
"Generic",11.225791757889
"Generic",11.7950865104291
"Generic",10.5435471310789
"Generic",9.88712601861252
"Generic",9.26971751388457
"Generic",9.22946361650465
"Generic",9.65218823677045
"Generic",10.8963646486175
"Generic",10.4665293936374
"Generic",10.6226501380906
"Generic",9.86901500058437
"Generic",8.91245455995186
"Generic",10.2284818702457
"Generic",9.84977161955485
"Generic",9.78722918499547
"Generic",11.5289212598746
"Generic",10.608783898253
"Generic",9.84011565741888
"Generic",8.66758750633368
"Generic",9.79935097049337
"Generic",10.6932722440701
"Generic",10.2609746949
"Generic",10.1904751576109
"Generic",10.7315655473897
"Generic",9.88169300894962
"Generic",9.75793858234827
"Generic",9.82222370643172
"Generic",10.5141590492225
"Generic",9.81145630832497
"Generic",10.5322107997073
"Generic",9.14027146644898
"Generic",9.11025448503258
"Generic",10.0891685258145
"Generic",10.5322682105916
"Generic",9.71464295878446
"Generic",9.59580505855737
"Generic",8.01243668316377
"Generic",10.2620246119547
"Generic",9.36800151488003
"Generic",10.2818024343281
"Generic",10.9990482060674
"Generic",9.65285666785087
"Generic",10.4877077670877
"Generic",9.89321795869166
"Generic",10.2580232449982
"Generic",9.1909404303043
"Generic",10.2924765164497
"Generic",10.9134730811143
"Generic",11.2576982989348
"Generic",9.16883354160004
"Generic",10.3735795058501
"Generic",9.64438308046397
"Generic",10.3659044396726
"Generic",9.8750752962805
"Generic",9.82637671407895
"Generic",10.4774696477178
"Generic",10.5223410687151
"Generic",10.1953539264502
"Generic",10.3248345674324
"Generic",10.2649222887733
"Generic",10.1948618010871
"Generic",10.0638611120749
"Generic",10.6409271580354
"Generic",10.4969295045787
"Generic",10.5557529870004
"Generic",10.7748779489459
"Generic",10.3845361331102
"Generic",9.89290116991373
"Generic",9.23737070372832
"Generic",9.65837728233888
"Generic",9.39103155788944
"Generic",9.79104398911732
"Generic",9.63229379915173
"Generic",9.86231992888613
"Generic",9.28327005720803
"Generic",9.56438851839823
"Generic",10.2489110099546
"Generic",10.1495241674518
"Generic",9.7171512228995
"Generic",10.7089756324357
"Generic",8.85120939106685
"Generic",10.3379310259923
"Generic",11.0988813969844
"Generic",9.71450656922597
"Generic",10.2713094426286
"Generic",9.609198397673
"Generic",9.98458947463194
"Generic",10.5709224234857
"Generic",9.3601898630245
"Generic",9.6116254415756
"Generic",10.3725563431694
"Generic",10.2909967828071
"Generic",10.5648014272686
"Generic",10.8769237378276
"Generic",10.5388969192471
"Generic",9.24565717495077
"Generic",10.1076469565808
"Generic",9.72063880582573
"Generic",9.99589975132104
"Generic",10.6421536487724
"Generic",10.1933088107085
"Generic",10.1086318521462
"Generic",9.91591967822155
"Generic",10.2779129533999
"Generic",9.1749623680093
"Generic",9.70491638319502
"Generic",11.13160322523
"Generic",10.4312859903084
"Generic",9.32674418126464
"Generic",9.14001033845551
"Generic",9.3284688224875
"Generic",10.4061097995943
"Generic",10.3032112752078
"Generic",9.60199238780122
"Generic",9.74192096137075
"Generic",10.6847596486679
"Generic",9.78504847302379
"Generic",9.95911350410838
"Generic",10.2467736230111
"Generic",9.87237065864377
"Generic",9.48548151691804
"Generic",9.71094110739051
"Generic",9.24329969536092
"Generic",10.3285188312054
"Generic",10.9324280857623
"Generic",10.1709838451084
"Generic",10.5689104583357
"Generic",9.54420548254597
"Generic",9.9017838566155
"Generic",9.90472149038447
"Generic",8.99855156243055
"Generic",10.0622250597718
"Generic",10.3354660812783
"Generic",10.4783845188772
"Generic",10.9209578285423
"Generic",8.96914539425575
"Generic",10.4323560213144
"Generic",10.5019518509828
"Generic",9.85298193438266
"Generic",10.421721532924
"Generic",9.00982726768081
"Generic",10.1500762717585
"Generic",7.8096382660258
"Generic",10.2184408122018
"Generic",11.121094418503
"Generic",11.0793909193958
"Generic",8.13823143418487
"Generic",10.3745187898789
"Generic",9.75519530395711
"Generic",9.98249435933248
"Generic",8.44870658100055
"Generic",10.2695283508226
"Generic",9.63129551857998
"Generic",10.2617226422292
"Generic",9.86614725975036
"Generic",9.2821937112394
"Generic",10.233237435275
"Generic",10.4165483499178
"Generic",10.0380235012015
"Generic",10.3969711112067
"Generic",9.67519255988481
"Generic",10.899360570542
"Generic",9.74941940273604
"Generic",9.59424367710784
"Generic",10.7291149477365
"Generic",10.7804175267545
"Generic",10.4764589459708
"Generic",10.1543546619483
"Generic",11.1164201892537
"Generic",9.29255137426055
"Generic",10.7964389950591
"Generic",11.2000756841395
"Generic",10.0382267018957
"Generic",10.4100054027618
"Generic",10.4267915355499
"Generic",10.8355074058173
"Generic",9.39883270136546
"Generic",10.6269943353443
"Generic",8.80373705368175
"Generic",11.4538324817731
"Generic",9.60006216849319
"Generic",9.77866632415931
"Generic",10.1812196236549
"Generic",9.12478155785743
"Generic",9.81597360973481
"Generic",10.0430412083259
"Generic",9.76202275827534
"Generic",11.4184058429411
"Generic",8.74926754433049
"Generic",9.92622810905066
"Generic",10.8251931020153
"Generic",9.41468463687552
"Generic",9.90273421473581
"Generic",11.3602994277412
"Generic",8.69285808164473
"Generic",9.43748149438934
"Generic",9.16111400619536
"Generic",10.4406649690029
"Generic",9.39371003392759
"Generic",10.3274639220768
"Generic",9.5479355324554
"Generic",9.89323210823907
"Generic",10.5993504155636
"Generic",10.09590262754
"Generic",8.64150618222356
"Generic",9.62487877277714
"Generic",10.4995165683736
"Generic",11.3021038237472
"Generic",9.21962169851747
"Generic",9.83996527473733
"Generic",9.94288708410158
"Generic",9.48720345884648
"Generic",9.03215702386097
"Generic",11.2871576202408
"Generic",11.0348341215921
"Generic",9.01524929837453
"Targeted",13.6812195075105
"Targeted",14.8058436406749
"Targeted",15.3012994636339
"Targeted",14.9098493323617
"Targeted",15.7904852167897
"Targeted",14.8274300548922
"Targeted",14.1841165289465
"Targeted",16.0639176050653
"Targeted",14.8361812793312
"Targeted",14.8012184890728
"Targeted",14.8157892011153
"Targeted",15.0392030126308
"Targeted",13.3769366772332
"Targeted",15.4783079924124
"Targeted",15.5048623290981
"Targeted",15.4404716335676
"Targeted",14.7122120658764
"Targeted",15.0695158988166
"Targeted",13.9955611298489
"Targeted",15.2518462479893
"Targeted",14.4280612500616
"Targeted",15.921825047401
"Targeted",14.3519235024064
"Targeted",13.5586402319452
"Targeted",15.1208614287741
"Targeted",13.8586107071479
"Targeted",14.3505073666235
"Targeted",15.5628226030998
"Targeted",16.3106322240475
"Targeted",14.8161253369896
"Targeted",15.6801559083764
"Targeted",14.0358452968156
"Targeted",16.2113509199987
"Targeted",14.9964389729814
"Targeted",14.4540838296064
"Targeted",15.2782807449909
"Targeted",14.433525744305
"Targeted",15.0352261211741
"Targeted",15.0712404292053
"Targeted",15.8183864822443
"Targeted",14.6033862342721
"Targeted",14.7372617981735
"Targeted",15.0867954772973
"Targeted",15.6281621344133
"Targeted",16.3269178952214
"Targeted",16.1075305189693
"Targeted",15.6721787476482
"Targeted",13.6678461160269
"Targeted",15.6631273277127
"Targeted",15.5273942605211
"Targeted",14.5115420110847
"Targeted",14.604548852276
"Targeted",14.0415947585406
"Targeted",14.9912171176543
"Targeted",15.0634410109748
"Targeted",13.7725146775488
"Targeted",13.8930636569175
"Targeted",15.1221395541922
"Targeted",14.2811812431426
"Targeted",14.7905485743414
"Targeted",15.7054016802774
"Targeted",14.7018621591017
"Targeted",15.0889450203789
"Targeted",15.4310397172082
"Targeted",14.2127396022852
"Targeted",15.8698739153616
"Targeted",15.6419107500958
"Targeted",15.8910757050961
"Targeted",14.7016592279699
"Targeted",13.9749762872791
"Targeted",15.3578140648466
"Targeted",15.432972576249
"Targeted",16.7782580366995
"Targeted",16.203645048235
"Targeted",14.6745820648404
"Targeted",14.2952558968649
"Targeted",15.4346922744107
"Targeted",16.3952697447804
"Targeted",14.1718062241442
"Targeted",14.4536488739895
"Targeted",16.2233864915317
"Targeted",16.2860308875169
"Targeted",15.1361894901125
"Targeted",13.8658388010331
"Targeted",14.6202006308037
"Targeted",15.8171931883325
"Targeted",16.5076135024141
"Targeted",14.9888864218792
"Targeted",14.5579884062252
"Targeted",15.2137011213747
"Targeted",15.1014150227245
"Targeted",14.3634652856666
"Targeted",15.4143189216034
"Targeted",15.9733110154539
"Targeted",15.0091842990998
"Targeted",15.4380251403919
"Targeted",15.1764595232381
"Targeted",15.3230962656676
"Targeted",14.8504638367131
"Targeted",15.8385132405395
"Targeted",15.1622621934093
"Targeted",14.6480109836345
"Targeted",15.4413199913409
"Targeted",15.6701082680466
"Targeted",14.9478619958008
"Targeted",13.1252849124253
"Targeted",16.1453150706111
"Targeted",14.4745586159545
"Targeted",14.7555992646634
"Targeted",16.1330415178565
"Targeted",13.6713720780485
"Targeted",14.2254189476982
"Targeted",14.475384503874
"Targeted",14.0809830409105
"Targeted",15.7723018267753
"Targeted",15.8851472935504
"Targeted",15.3506132917704
"Targeted",14.6924159219912
"Targeted",14.7034240170715
"Targeted",14.6023488494549
"Targeted",14.6327055436027
"Targeted",15.337977915709
"Targeted",15.6364843557749
"Targeted",14.6803956190869
"Targeted",15.2232932792768
"Targeted",13.3299450743736
"Targeted",15.0530858812103
"Targeted",14.3850907005376
"Targeted",15.7689732258622
"Targeted",15.8300770853436
"Targeted",13.4624532332272
"Targeted",15.6456222629304
"Targeted",14.6039901243975
"Targeted",14.8852412848255
"Targeted",15.6289505789108
"Targeted",15.4824171233161
"Targeted",14.4266837282601
"Targeted",15.2240467298834
"Targeted",14.6730473381489
"Targeted",15.8762987352325
"Targeted",13.899969190129
"Targeted",15.5738281164577
"Targeted",15.9737672617374
"Targeted",13.17333249357
"Targeted",15.4534226178724
"Targeted",14.74591429255
"Targeted",15.0771552257126
"Targeted",14.8109480967081
"Targeted",15.4844681148536
"Targeted",15.6497962138304
"Targeted",15.4151910709378
"Targeted",14.9255950618242
"Targeted",14.7031096097918
"Targeted",14.9017803735868
"Targeted",14.8408961940817
"Targeted",15.1435433567632
"Targeted",14.4227831580194
"Targeted",15.409206408575
"Targeted",14.3011909338908
"Targeted",13.9610029457109
"Targeted",15.1804442381612
"Targeted",15.2907030028412
"Targeted",15.7177937010388
"Targeted",15.5082532475446
"Targeted",15.1538511633025
"Targeted",15.4841197282572
"Targeted",14.3136515852402
"Targeted",14.201573207297
"Targeted",14.1491584022436
"Targeted",15.0313099754263
"Targeted",15.4630292622767
"Targeted",15.6344745729999
"Targeted",16.0385910171351
"Targeted",15.2304404113024
"Targeted",14.9102659854591
"Targeted",14.5371061399073
"Targeted",15.1778477537527
"Targeted",14.9549513076378
"Targeted",14.7724094783365
"Targeted",14.5260838543022
"Targeted",14.2958945713799
"Targeted",14.3119371013812
"Targeted",16.0281812532865
"Targeted",15.1754324833055
"Targeted",14.6989497703567
"Targeted",13.8945662443082
"Targeted",15.1350046158374
"Targeted",14.6518899613737
"Targeted",14.9398759140605
"Targeted",14.8549958712972
"Targeted",15.5432387720918
"Targeted",14.951955318663
"Targeted",14.8753990080785
"Targeted",16.6609869349718
"Targeted",15.7610429383041
"Targeted",15.0910127619113
"Targeted",14.4881614023604
"Targeted",15.8253907784872
"Targeted",14.3471453106651
"Targeted",14.9663550787406
"Targeted",15.5968100239647
"Targeted",14.7120815192718
"Targeted",14.7429531232639
"Targeted",15.3082163989822
"Targeted",15.0976297928416
"Targeted",14.8255231715938
"Targeted",14.8534381755407
"Targeted",15.1756294580622
"Targeted",15.3267100671897
"Targeted",15.9059832711671
"Targeted",14.7065374044617
"Targeted",15.9216616158985
"Targeted",13.97434855021
"Targeted",14.5484394010746
"Targeted",14.0529687053476
"Targeted",15.2166090932206
"Targeted",15.2946029665064
"Targeted",14.0437822069902
"Targeted",15.0335051305098
"Targeted",14.3602936080531
"Targeted",15.345689998566
"Targeted",13.9115603124116
"Targeted",15.605302121076
"Targeted",14.9689144473421
"Targeted",14.274840114381
"Targeted",14.941954521591
"Targeted",14.8140330824027
"Targeted",14.7448770381306
"Targeted",13.9518556359039
"Targeted",14.5903528908217
"Targeted",14.8786706640246
"Targeted",13.9617234549025
"Targeted",15.2116529696279
"Targeted",15.9611814702413
"Targeted",15.5474610402421
"Targeted",14.4410269297324
"Targeted",14.5401936480053
"Targeted",14.6740154218638
"Targeted",15.4241253907708
"Targeted",14.972336323924
"Targeted",14.3384604480454
"Targeted",13.9416107725909
"Targeted",15.391508014085
"Targeted",14.2692255847376
"Targeted",15.3479084507065
"Targeted",15.051149640907
"Targeted",15.5052397104602
"Targeted",15.7659200507348
"Targeted",14.0036939273517
"Targeted",15.7156125602811
"Targeted",15.4814705552447
"Targeted",14.7847815772374
"Targeted",14.9861756611007
"Targeted",15.3418788699911
"Targeted",15.4623505672479
"Targeted",13.8001696708798
"Targeted",16.0211998867751
"Targeted",14.0144731616452
"Targeted",13.5431851165118
"Targeted",15.6679675699552
"Targeted",13.9418854218828
"Targeted",14.8430998061771
"Targeted",14.057429773142
"Targeted",13.7437909834566
"Targeted",14.6905202027647
"Targeted",15.4529784171493
"Targeted",15.2211295660824
"Targeted",14.5502683285766
"Targeted",14.9889700670504
"Targeted",14.9309133967517
"Targeted",14.983532858007
"Targeted",14.6877731933648
"Targeted",15.2526649318272
"Targeted",14.242108242306
"Targeted",15.2642621770422
"Targeted",14.7624146068646
"Targeted",14.7650809855802
"Targeted",15.4940628655437
"Targeted",14.7006997245873
"Targeted",14.3102548239237
"Targeted",14.1578731609414
"Targeted",15.4683229203553
"Targeted",13.3666988358627
"Targeted",14.7081590985059
"Targeted",15.127019471352
"Targeted",14.0375277142937
"Targeted",15.0048740711066
"Targeted",15.469168013254
"Targeted",13.7228999888831
"Targeted",14.3789502288005
"Targeted",16.2335837107887
"Targeted",14.5417629049691
"Targeted",14.3237338780498
"Targeted",14.3995970067749
"Targeted",14.6959764202941
"Targeted",15.1301439203772
"Targeted",14.5074329131592
"Targeted",15.1412037194173
"Targeted",15.4913669230928
"Targeted",15.2353270585541
"Targeted",15.5248779909068
"Targeted",14.439382365368
"Targeted",14.9140810248552
"Targeted",15.465002014051
"Targeted",15.0384705182644
"Targeted",15.148886523689
"Targeted",15.0356024758041
"Targeted",15.1280417954687
"Targeted",14.9827289501397
"Targeted",14.2304263012524
"Targeted",15.1217995317507
"Targeted",14.6812432943555
"Targeted",16.0050452032611
"Targeted",14.629286881271
"Targeted",15.1065059772503
"Targeted",13.6187170731327
"Targeted",14.5387848675092
"Targeted",14.4200831457821
"Targeted",15.862192480147
"Targeted",14.8942398343454
"Targeted",15.1014693922596
"Targeted",15.2102078384343
"Targeted",14.6282219645147
"Targeted",15.2105005991788
"Targeted",16.0546368283639
"Targeted",15.4318948969698
"Targeted",15.5000800407421
"Targeted",14.4158340219737
"Targeted",15.1253332774938
"Targeted",15.2053425057007
"Targeted",14.5414288589359
"Targeted",15.0821943838352
"Targeted",16.3814696632796
"Targeted",14.317826737627
"Targeted",15.3870633558455
"Targeted",14.2483252091734
"Targeted",15.2463977384963
"Targeted",14.2707226569813
"Targeted",15.4132458061802
"Targeted",14.1120920708409
"Targeted",15.014334365295
"Targeted",15.938921381142
"Targeted",14.8442681387854
"Targeted",14.9255216840575
"Targeted",15.9829332182528
"Targeted",16.425407587213
"Targeted",16.7381735788947
"Targeted",14.7244622728987
"Targeted",14.2614043865387
"Targeted",15.4558080396923
"Targeted",15.3049168109798
"Targeted",15.8996457640567
"Targeted",15.1051493573786
"Targeted",15.1125735516143
"Targeted",16.0596310441032
"Targeted",15.1133935389825
"Targeted",15.477564588861
"Targeted",15.339162281499
"Targeted",14.968869655726
"Targeted",14.6256321857388
"Targeted",14.7637165095343
"Targeted",13.6360311223139
"Targeted",15.8949185115493
"Targeted",13.8834224195544
"Targeted",14.5865096616832
"Targeted",14.7407682679892
"Targeted",15.8438698496815
"Targeted",15.0404954929737
"Targeted",15.6609577025637
"Targeted",14.7940377053552
"Targeted",16.1699579139081
"Targeted",15.3408984728498
"Targeted",15.3831059521577
"Targeted",15.6142716887783
"Targeted",13.9624374230897
"Targeted",14.9926331913193
"Targeted",15.1500969739805
"Targeted",14.4632895261643
"Targeted",15.0085193639756
"Targeted",14.4950617684061
"Targeted",15.1538232007757
"Targeted",13.7506202437447
"Targeted",15.1990867120714
"Targeted",14.55460855453
"Targeted",15.6575379281883
"Targeted",13.6188226512927
"Targeted",15.0297593165141
"Targeted",14.8453632502763
"Targeted",15.6583665291899
"Targeted",13.893992223831
"Targeted",14.6158882894545
"Targeted",15.4983030621533
"Targeted",15.429011535819
"Targeted",15.2494338753192
"Targeted",15.2019992150882
"Targeted",13.8320208001807
"Targeted",15.595743538025
"Targeted",15.1510432444151
"Targeted",13.7297050402922
"Targeted",14.8785840688935
"Targeted",15.6676374328904
"Targeted",15.4926513091345
"Targeted",14.5581005347182
"Targeted",15.6353142377469
"Targeted",14.7221256719864
"Targeted",15.2673712758174
"Targeted",15.6499728907999
"Targeted",15.2734032621377
"Targeted",14.543108215877
"Targeted",15.5739876567702
"Targeted",16.0342010600483
"Targeted",14.3495624963452
"Targeted",14.8724639667698
"Targeted",15.7025609301721
"Targeted",14.4036056783099
"Targeted",13.7964369379258
"Targeted",14.6537106752867
"Targeted",15.7465428442208
"Targeted",14.0467066570796
"Targeted",14.8261873185795
"Targeted",15.673351054704
"Targeted",15.0328492179903
"Targeted",15.3968433380345
"Targeted",16.1367861120343
"Targeted",15.6305398480186
"Targeted",15.4138334560308
"Targeted",15.3436904857287
"Targeted",14.1891083774544
"Targeted",15.5874378254079
"Targeted",15.3794746353104
"Targeted",15.2825345139906
"Targeted",15.0400402406425
"Targeted",14.1102664818292
"Targeted",15.1075156263837
"Targeted",15.8784692666524
"Targeted",14.5718009281064
"Targeted",13.7394055267663
"Targeted",16.2866195091302
"Targeted",14.6050054442496
"Targeted",15.7982496204567
"Targeted",15.436837429331
"Targeted",16.1604152701719
"Targeted",14.9705365908169
"Targeted",14.7896888302789
"Targeted",16.2125805854062
"Targeted",16.5095708763796
"Targeted",15.2229632162459
"Targeted",15.1188929318664
"Targeted",15.5196446488037
"Targeted",14.5292243167133
"Targeted",15.3484783066712
"Targeted",14.3072715985015
"Targeted",14.7917642699114
"Targeted",15.5564184736822
"Targeted",14.4659326128772
"Targeted",15.595602436542
"Targeted",15.3515253417803
"Targeted",16.0036197748612
"Targeted",16.5159640925483
"Targeted",14.5972369697006
"Targeted",15.2734471828224
"Targeted",16.0910646467671
"Targeted",15.1393317994086
"Targeted",14.5423308990762
"Targeted",14.3017004362093
"Targeted",15.9803110122465
"Targeted",16.8196441939788
"Targeted",14.2668898018924
"Targeted",15.0773761128155
"Targeted",13.90235159807
"Targeted",15.0487698444199
"Targeted",14.7849740946734
"Targeted",14.9915626996224
"Targeted",17.0263980735633
"Targeted",14.0209236650782
"Targeted",15.3024793811945
"Targeted",16.282860401698
"Targeted",14.5722842196089
"Targeted",14.4264601007879
"Targeted",15.0338166223121
"Targeted",15.9103859589695
"Targeted",14.7598126117165
"Targeted",14.2819461104552
"Targeted",15.0493839792548
"Targeted",13.5875265123225
"Targeted",13.967181415309
"Targeted",15.7605239586637
"Targeted",15.3211709021097
"Targeted",13.4782024990252
"Targeted",15.4323313800561
"Targeted",13.3866432532858
"Targeted",14.6871219017084
"Targeted",15.2096434738711
"Targeted",14.0000677892928
"Targeted",15.887248238823
"Targeted",15.8501540529617
"Targeted",14.5276008482701
"Targeted",15.7847153369177
"Targeted",15.137584843592
"Targeted",15.4550792320671
"Dynamic",18.4697029315314
"Dynamic",17.1010895644074
"Dynamic",16.5817232920473
"Dynamic",19.5437282450596
"Dynamic",18.1619729509378
"Dynamic",18.2629495821294
"Dynamic",17.1649220371913
"Dynamic",18.7927848892671
"Dynamic",19.2876337564662
"Dynamic",19.0695090731839
"Dynamic",16.5834610840696
"Dynamic",17.2716444009567
"Dynamic",18.0684541212534
"Dynamic",18.48778855957
"Dynamic",17.6192780383729
"Dynamic",17.3990154886392
"Dynamic",18.1608501554351
"Dynamic",17.3401497938747
"Dynamic",19.430453011473
"Dynamic",16.7221532200701
"Dynamic",18.3561545451801
"Dynamic",16.6025709552889
"Dynamic",17.6539739579685
"Dynamic",19.0390360989103
"Dynamic",18.785238002025
"Dynamic",17.0200975463301
"Dynamic",16.9667313745938
"Dynamic",18.0406740878185
"Dynamic",17.3329163528776
"Dynamic",18.2840390803801
"Dynamic",17.3112430612734
"Dynamic",16.8729138888211
"Dynamic",17.6988818624722
"Dynamic",17.1430525570423
"Dynamic",18.7606493771255
"Dynamic",17.7656360937332
"Dynamic",17.97351150727
"Dynamic",18.9664139309247
"Dynamic",19.3004748696918
"Dynamic",17.9629348475312
"Dynamic",18.233335340546
"Dynamic",18.9163683774255
"Dynamic",17.8778764286073
"Dynamic",17.269461894425
"Dynamic",18.6959402563131
"Dynamic",16.9327558222591
"Dynamic",17.8283228095951
"Dynamic",17.7184914455236
"Dynamic",17.6340789645426
"Dynamic",16.0724738720957
"Dynamic",17.5891698304549
"Dynamic",18.8864190515082
"Dynamic",17.6717905414767
"Dynamic",17.5666697703544
"Dynamic",17.5337023620831
"Dynamic",17.3876824944094
"Dynamic",18.1022151926887
"Dynamic",18.4149464956613
"Dynamic",19.0140940250746
"Dynamic",16.9037360980447
"Dynamic",18.2767473314786
"Dynamic",17.8927362280257
"Dynamic",18.1997002130006
"Dynamic",17.2777979121016
"Dynamic",18.031857992328
"Dynamic",17.1924703490036
"Dynamic",18.4617922934715
"Dynamic",17.3376671282883
"Dynamic",18.0444830949975
"Dynamic",16.5109371261496
"Dynamic",18.2288768027652
"Dynamic",18.7754060283911
"Dynamic",18.5363140137424
"Dynamic",18.7375710876179
"Dynamic",17.050840041077
"Dynamic",17.8814890293986
"Dynamic",17.9512093083871
"Dynamic",18.5041369540866
"Dynamic",17.882552686423
"Dynamic",17.8577047587894
"Dynamic",19.1746897750787
"Dynamic",18.76365458962
"Dynamic",16.7704887592298
"Dynamic",17.7307724449036
"Dynamic",17.3054892688215
"Dynamic",20.080109523299
"Dynamic",17.6539658280576
"Dynamic",18.8036278484074
"Dynamic",18.0673898743321
"Dynamic",18.0761811471014
"Dynamic",18.3466658643264
"Dynamic",17.9001495516317
"Dynamic",18.5830558972417
"Dynamic",18.3918766414386
"Dynamic",16.8204328380047
"Dynamic",17.6110713811912
"Dynamic",17.6336528136826
"Dynamic",17.6457269715664
"Dynamic",18.7456994196539
"Dynamic",19.040918924062
"Dynamic",17.3547393354991
"Dynamic",18.3790048259918
"Dynamic",17.1811624517791
"Dynamic",17.6100437363187
"Dynamic",18.2089258805397
"Dynamic",17.8677540476198
"Dynamic",17.5236848578141
"Dynamic",17.1197860207842
"Dynamic",17.7817634243192
"Dynamic",18.0367486320384
"Dynamic",18.3935636687255
"Dynamic",17.3869282236462
"Dynamic",18.4107291739536
"Dynamic",17.1853123003899
"Dynamic",17.6177215845441
"Dynamic",18.315264018908
"Dynamic",17.5152391680704
"Dynamic",17.4542827237243
"Dynamic",17.9668671380556
"Dynamic",18.0248041959142
"Dynamic",18.6541373711163
"Dynamic",17.836629785821
"Dynamic",16.8094483419002
"Dynamic",17.5409133308305
"Dynamic",17.5586706721567
"Dynamic",17.3473706874872
"Dynamic",18.225332591547
"Dynamic",19.7512355672418
"Dynamic",18.5559172299941
"Dynamic",17.8916123082056
"Dynamic",18.3525670288558
"Dynamic",19.0099377685368
"Dynamic",17.7835129759809
"Dynamic",18.4651363293681
"Dynamic",18.3933293815216
"Dynamic",17.9141556219435
"Dynamic",18.0395822046461
"Dynamic",18.4563237021087
"Dynamic",17.9816329499024
"Dynamic",17.7623437027137
"Dynamic",17.5842070139433
"Dynamic",18.2036734532258
"Dynamic",17.9614846016052
"Dynamic",17.7397832059646
"Dynamic",18.1236119287615
"Dynamic",17.458853154607
"Dynamic",17.4383062741557
"Dynamic",18.9614962928642
"Dynamic",17.3830507561235
"Dynamic",18.2210516423692
"Dynamic",17.3221293949532
"Dynamic",17.8385732474532
"Dynamic",18.2732535974934
"Dynamic",17.293324251075
"Dynamic",18.4165270697889
"Dynamic",18.1532406600029
"Dynamic",17.7783755965488
"Dynamic",18.1718265796818
"Dynamic",18.0525313846843
"Dynamic",17.4122449763617
"Dynamic",17.0220552558546
"Dynamic",18.0742922381474
"Dynamic",17.2966951809353
"Dynamic",17.9753460074447
"Dynamic",16.8463466841614
"Dynamic",17.3496772570787
"Dynamic",18.1904775699355
"Dynamic",18.7317259562132
"Dynamic",18.1184949844507
"Dynamic",17.3038955121939
"Dynamic",17.7092638211732
"Dynamic",18.7655452886671
"Dynamic",18.3630789802975
"Dynamic",18.5509282372926
"Dynamic",18.6976906676529
"Dynamic",18.2642275840548
"Dynamic",18.7765659983455
"Dynamic",17.3187502309851
"Dynamic",18.209751679064
"Dynamic",17.7623623750715
"Dynamic",18.1412172265641
"Dynamic",18.9277785796479
"Dynamic",18.352655437416
"Dynamic",17.5592543143455
"Dynamic",17.7548921209579
"Dynamic",17.3340629612343
"Dynamic",17.9371300241257
"Dynamic",17.6502821713449
"Dynamic",18.5541008864744
"Dynamic",17.6550906769944
"Dynamic",18.4972202977084
"Dynamic",18.5045110937072
"Dynamic",17.6952688487547
"Dynamic",18.9985442201674
"Dynamic",18.0188470137295
"Dynamic",17.5430271045678
"Dynamic",18.0520795458343
"Dynamic",17.3063262370696
"Dynamic",18.4556952956987
"Dynamic",17.373382408323
"Dynamic",18.9050950545066
"Dynamic",16.5480553900127
"Dynamic",17.2212779143945
"Dynamic",17.763157875278
"Dynamic",17.5095117360205
"Dynamic",18.9428616199272
"Dynamic",17.9577018196518
"Dynamic",18.2483630909374
"Dynamic",18.4951586901318
"Dynamic",18.1070145659499
"Dynamic",18.672707026345
"Dynamic",18.3078013588105
"Dynamic",18.4887496629325
"Dynamic",16.9597947749516
"Dynamic",17.2115747861504
"Dynamic",16.4415147598094
"Dynamic",17.8227089953793
"Dynamic",19.0022295473387
"Dynamic",17.3151180174488
"Dynamic",18.2205442555738
"Dynamic",18.3086693149309
"Dynamic",18.1669684795033
"Dynamic",17.8010441698904
"Dynamic",17.5672991701635
"Dynamic",17.5542624275768
"Dynamic",18.0122172730118
"Dynamic",18.9097468877615
"Dynamic",17.4445447603993
"Dynamic",17.9142259290209
"Dynamic",18.0694877096205
"Dynamic",18.5539894430747
"Dynamic",17.838070318083
"Dynamic",18.4464021151977
"Dynamic",16.9522870343477
"Dynamic",18.5028797588102
"Dynamic",18.0674597054391
"Dynamic",17.23304830797
"Dynamic",16.3687489545748
"Dynamic",17.7442643555481
"Dynamic",18.4682025124883
"Dynamic",18.2233387071428
"Dynamic",17.7450835271502
"Dynamic",18.0350457494293
"Dynamic",18.10919342133
"Dynamic",17.4733126316636
"Dynamic",18.038188555252
"Dynamic",18.0785879828777
"Dynamic",17.4940179776862
"Dynamic",18.1387368946702
"Dynamic",18.2173922196864
"Dynamic",18.368426521194
"Dynamic",18.4977325654138
"Dynamic",18.2872174292816
"Dynamic",18.2109792490344
"Dynamic",17.9331989324764
"Dynamic",18.314132213658
"Dynamic",17.1115284705221
"Dynamic",18.457989135129
"Dynamic",17.6255634377587
"Dynamic",19.6362701758779
"Dynamic",17.5825633587526
"Dynamic",15.9786591196658
"Dynamic",18.96045971061
"Dynamic",17.5809433328248
"Dynamic",18.4150656425017
"Dynamic",18.1580194488623
"Dynamic",18.7674184434967
"Dynamic",17.3677137832537
"Dynamic",17.1676568861265
"Dynamic",18.7454783001252
"Dynamic",17.3290027727458
"Dynamic",16.9264141174888
"Dynamic",18.5445786465069
"Dynamic",17.9543192070867
"Dynamic",19.5947429570722
"Dynamic",18.2405267358443
"Dynamic",17.7528350817471
"Dynamic",17.5609708150736
"Dynamic",19.1792260713126
"Dynamic",17.149550481038
"Dynamic",18.4318734317176
"Dynamic",18.3931760106724
"Dynamic",17.5990358478523
"Dynamic",19.075002515877
"Dynamic",17.4766411748721
"Dynamic",17.9863696995008
"Dynamic",18.2713398827415
"Dynamic",19.6261881814257
"Dynamic",18.4306065668203
"Dynamic",19.2120836203925
"Dynamic",17.4900061637585
"Dynamic",16.7781917852515
"Dynamic",18.6225497496278
"Dynamic",16.8600717002197
"Dynamic",17.0604527452738
"Dynamic",18.4275391415668
"Dynamic",17.960956361332
"Dynamic",18.5929134971618
"Dynamic",19.0032223188874
"Dynamic",18.6389214178624
"Dynamic",18.2676309867748
"Dynamic",18.38641302954
"Dynamic",18.1013786562867
"Dynamic",19.1958746000077
"Dynamic",18.0366725677165
"Dynamic",18.565000682355
"Dynamic",17.3419186038652
"Dynamic",18.0274695657931
"Dynamic",16.6016608702711
"Dynamic",18.0971107211781
"Dynamic",16.9582062637022
"Dynamic",17.9069879309002
"Dynamic",17.8319181880014
"Dynamic",18.6804134943142
"Dynamic",17.5504379843807
"Dynamic",17.5350750897968
"Dynamic",16.6188904024225
"Dynamic",18.4342671905252
"Dynamic",18.7620701327755
"Dynamic",17.8417459327367
"Dynamic",19.0361665576593
"Dynamic",17.7131707611909
"Dynamic",17.2983745706112
"Dynamic",18.1604017794916
"Dynamic",18.4803991776461
"Dynamic",16.9545357391504
"Dynamic",16.8550566188221
"Dynamic",18.0324939166304
"Dynamic",18.3363047009905
"Dynamic",16.3588595379506
"Dynamic",16.8056687503203
"Dynamic",18.2154389577305
"Dynamic",18.6221141200517
"Dynamic",17.7333450873987
"Dynamic",18.8402956594103
"Dynamic",17.5703495076602
"Dynamic",17.8833129311744
"Dynamic",18.9448199188021
"Dynamic",17.9429098461967
"Dynamic",18.0181111714596
"Dynamic",17.3700905050548
"Dynamic",18.0469074230731
"Dynamic",17.5490140907106
"Dynamic",16.7403923381404
"Dynamic",17.3206556895726
"Dynamic",17.8329456365876
"Dynamic",18.114542222184
"Dynamic",18.7476251274411
"Dynamic",18.0269739587754
"Dynamic",17.9108152929696
"Dynamic",18.7742933727851
"Dynamic",19.690539475141
"Dynamic",17.9401935752582
"Dynamic",18.8245899133763
"Dynamic",18.3403280054159
"Dynamic",17.9467678151385
"Dynamic",16.6553804650343
"Dynamic",17.3227130781479
"Dynamic",17.6102792473893
"Dynamic",17.2228549713796
"Dynamic",17.1871250422755
"Dynamic",17.710952160535
"Dynamic",18.6663226041363
"Dynamic",17.3558736314489
"Dynamic",18.0827225825727
"Dynamic",17.8579050432482
"Dynamic",18.5551698594085
"Dynamic",18.0269057890332
"Dynamic",17.8822859057274
"Dynamic",17.5910674137101
"Dynamic",18.6243290665625
"Dynamic",18.7975331532339
"Dynamic",18.0136097384277
"Dynamic",20.290247925659
"Dynamic",17.9979047514786
"Dynamic",20.0466767650923
"Dynamic",17.9062843345543
"Dynamic",16.9005050564832
"Dynamic",17.0026633938805
"Dynamic",17.3899710398385
"Dynamic",19.0348855877098
"Dynamic",19.1923263114883
"Dynamic",18.2783260150729
"Dynamic",18.2159467047977
"Dynamic",17.6241312951534
"Dynamic",17.5263270825425
"Dynamic",17.4974678284883
"Dynamic",17.3906150035693
"Dynamic",17.6220542851062
"Dynamic",17.564117162429
"Dynamic",18.3699762146938
"Dynamic",18.5395730701858
"Dynamic",19.1222265281045
"Dynamic",16.2859650524595
"Dynamic",18.3465837773295
"Dynamic",17.7770720651975
"Dynamic",17.8135265782148
"Dynamic",16.8508071230432
"Dynamic",17.9769853616359
"Dynamic",17.4567950261565
"Dynamic",18.2490315997735
"Dynamic",17.221033571065
"Dynamic",20.4121943847399
"Dynamic",17.4525307930944
"Dynamic",17.8024576820676
"Dynamic",17.1398636660819
"Dynamic",17.7723789024053
"Dynamic",19.4939782237858
"Dynamic",17.7291755419481
"Dynamic",18.4271427004733
"Dynamic",17.3421541574049
"Dynamic",19.0768545116112
"Dynamic",18.3278461187163
"Dynamic",17.4983568806108
"Dynamic",18.1613072614034
"Dynamic",17.7291954160804
"Dynamic",18.3560959265555
"Dynamic",17.4334223818587
"Dynamic",18.3242511017784
"Dynamic",19.1082248527028
"Dynamic",18.8839331395779
"Dynamic",18.2134947589495
"Dynamic",18.23357364437
"Dynamic",18.2950521062571
"Dynamic",18.6288658289499
"Dynamic",18.2701490028031
"Dynamic",18.4242630821158
"Dynamic",18.4464680692659
"Dynamic",18.1594556905979
"Dynamic",18.5043145968565
"Dynamic",18.0404875497072
"Dynamic",18.7079004703822
"Dynamic",17.7002240390871
"Dynamic",18.1356396595661
"Dynamic",18.0227248782993
"Dynamic",17.2480918120994
"Dynamic",18.8391781928166
"Dynamic",17.1862967506195
"Dynamic",18.9135904548137
"Dynamic",17.2520734669977
"Dynamic",17.3125415740918
"Dynamic",18.6026219437523
"Dynamic",17.9427785509824
"Dynamic",16.7083664124875
"Dynamic",19.0523942674936
"Dynamic",16.2580307984373
"Dynamic",17.5152317850758
"Dynamic",16.9357624597066
"Dynamic",17.6024227485202
"Dynamic",18.0620767903918
"Dynamic",17.7665214571568
"Dynamic",17.5948020950628
"Dynamic",17.8853429009895
"Dynamic",18.1884157875306
"Dynamic",17.4009682925391
"Dynamic",16.5476006413445
"Dynamic",17.3519078949984
"Dynamic",16.6669495461081
"Dynamic",18.4447371137063
"Dynamic",19.3091108715505
"Dynamic",17.1981766430631
"Dynamic",17.3801951890806
"Dynamic",17.387126269519
"Dynamic",18.5518733194391
"Dynamic",18.0219412787819
"Dynamic",18.3422634711608
"Dynamic",18.5400289150838
"Dynamic",18.1734842260684
"Dynamic",18.3134821466968
"Dynamic",17.186204314345
"Dynamic",17.9567482025273
"Dynamic",17.5687275748032
"Dynamic",17.0866194874607
"Dynamic",17.1817109598815
"Dynamic",18.6563266834021
"Dynamic",17.0896171090749
"Dynamic",17.7169703812668
"Dynamic",18.6877955344577
"Dynamic",18.230481645206
"Dynamic",18.4566430634181
"Dynamic",18.2319655506804
"Dynamic",17.8957872639789
"Dynamic",16.4601976954283
"Dynamic",17.5738130395724
"Dynamic",17.0351844209528
"Dynamic",17.7353409998922
"Dynamic",19.4378749511819
"Dynamic",18.0967577822847
"Dynamic",17.4965976055727
"Dynamic",18.6220847084588
"Dynamic",18.3439610499323
"Dynamic",17.943754951626
"Dynamic",17.8406581246327
"Dynamic",17.8981600917387
"Dynamic",17.9500059820973
"Dynamic",18.4336711712542
"Dynamic",18.0893596733728
"Dynamic",17.5608363480114
"Dynamic",18.5840600457565
"Dynamic",17.5111172361819
