"store","brand_id","brand","week","move_ounce","price_ounce","sale_B","sale_C","sale_S","summove_ounce","nweeks","mean_marketshare","sharerank","priclow","pricmed","prichigh","logprice_ounce","logmove_ounce","saledummy_B","saledummy_C","saledummy_S","promoweek"
102,26,"Budweiser",91,41704,4.66527777777778,0.133333333333333,0,0,158871900.16,220,0.0893307330373107,3,0,1,0,1.54014737760219,10.6383523264479,1,0,0,91
102,26,"Budweiser",92,44212.48,4.57585190568475,0.133333333333333,0,0,158871900.16,220,0.0893307330373107,3,0,1,0,1.5207928902856,10.6967623811529,1,0,0,92
102,26,"Budweiser",93,28748.48,4.57566845324612,0.125,0,0,158871900.16,220,0.0893307330373107,3,0,1,0,1.52075279805361,10.2663401752626,1,0,0,93
102,26,"Budweiser",94,26168.96,4.53046017038114,0,0,0,158871900.16,220,0.0893307330373107,3,0,1,0,1.51082351720135,10.172329254574,0,0,0,NA
102,26,"Budweiser",95,35581.44,4.53979821633649,0,0,0,158871900.16,220,0.0893307330373107,3,0,1,0,1.51288256532465,10.4795794325762,0,0,0,NA
102,26,"Budweiser",96,34128,4.65023148148148,0,0,0,158871900.16,220,0.0893307330373107,3,0,1,0,1.53691699932399,10.4378734407111,0,0,0,NA
102,26,"Budweiser",97,38024,4.72504340277778,0,0,0,158871900.16,220,0.0893307330373107,3,0,1,0,1.55287674667659,10.5459728182938,0,0,0,NA
102,26,"Budweiser",98,26984.96,4.59811284009728,0,0,0,158871900.16,220,0.0893307330373107,3,0,1,0,1.52564596716585,10.2030349527467,0,0,0,NA
102,26,"Budweiser",99,23096,4.50768849206349,0,0,0,158871900.16,220,0.0893307330373107,3,0,1,0,1.50578449265052,10.0474147213428,0,0,0,NA
102,26,"Budweiser",100,16496,4.57557189542484,0,0,0,158871900.16,220,0.0893307330373107,3,0,1,0,1.52073169537952,9.71087320625674,0,0,0,NA
102,26,"Budweiser",101,21120,4.67252604166667,0,0,0,158871900.16,220,0.0893307330373107,3,0,1,0,1.54169983372245,9.9579757378202,0,0,0,NA
102,26,"Budweiser",102,31576,4.62337962962963,0,0,0,158871900.16,220,0.0893307330373107,3,0,1,0,1.53112595922702,10.3601526173427,0,0,0,NA
102,26,"Budweiser",103,36036.48,4.29830022609819,0,0,0,158871900.16,220,0.0893307330373107,3,0,1,0,1.45821964829312,10.4922870376959,0,0,0,NA
102,26,"Budweiser",104,30848.96,4.36774467054264,0,0,0,158871900.16,220,0.0893307330373107,3,0,1,0,1.47424678218797,10.336858317258,0,0,0,NA
102,26,"Budweiser",105,24068.48,4.63964057037544,0,0,0,158871900.16,220,0.0893307330373107,3,0,1,0,1.53463689995657,10.0886583796348,0,0,0,NA
102,26,"Budweiser",106,26008,4.6155753968254,0,0,0,158871900.16,220,0.0893307330373107,3,0,1,0,1.52943653988509,10.1661594619837,0,0,0,NA
102,26,"Budweiser",107,21708.48,4.42376857235142,0,0,0,158871900.16,220,0.0893307330373107,3,0,1,0,1.48699195099626,9.98545824660274,0,0,0,NA
102,26,"Budweiser",108,22160,4.49837962962963,0.2,0,0,158871900.16,220,0.0893307330373107,3,0,1,0,1.50371724962655,10.0060441408612,1,0,0,108
102,26,"Budweiser",109,21184,4.725,0,0,0,158871900.16,220,0.0893307330373107,3,0,1,0,1.55286756094571,9.96100145873674,0,0,0,NA
102,26,"Budweiser",110,22924.48,4.42747227605513,0.133333333333333,0,0,158871900.16,220,0.0893307330373107,3,0,1,0,1.48782882889469,10.0399606142066,1,0,0,110
102,26,"Budweiser",111,23872,4.43625992063492,0.357142857142857,0,0,158871900.16,220,0.0893307330373107,3,0,1,0,1.48981166124204,10.0804615030035,1,0,0,111
102,26,"Budweiser",112,18416,4.64772727272727,0.181818181818182,0,0,158871900.16,220,0.0893307330373107,3,0,1,0,1.5363783415646,9.82097513096166,1,0,0,112
102,26,"Budweiser",113,16448,4.62276785714286,0,0,0,158871900.16,220,0.0893307330373107,3,0,1,0,1.5309936289806,9.70795916825489,0,0,0,NA
102,26,"Budweiser",114,18664,4.65203373015873,0,0,0,158871900.16,220,0.0893307330373107,3,0,1,0,1.53730448530914,9.83435181370127,0,0,0,NA
102,26,"Budweiser",115,21720,4.63842592592593,0.2,0,0,158871900.16,220,0.0893307330373107,3,0,1,0,1.53437506858105,9.98598877404787,1,0,0,115
102,26,"Budweiser",116,29124.48,4.40270838380168,0.375,0,0,158871900.16,220,0.0893307330373107,3,0,1,0,1.48221989332919,10.2793343366314,1,0,0,116
102,26,"Budweiser",117,20640,4.44845085470086,0.384615384615385,0,0,158871900.16,220,0.0893307330373107,3,0,1,0,1.4925559130303,9.9349862195955,1,0,0,117
102,26,"Budweiser",118,13768,4.65625,0.153846153846154,0,0,158871900.16,220,0.0893307330373107,3,0,1,0,1.53821040314573,9.53010233789137,1,0,0,118
102,26,"Budweiser",119,17248,4.65147569444444,0.1875,0,0,158871900.16,220,0.0893307330373107,3,0,1,0,1.53718452289722,9.75545147370872,1,0,0,119
102,26,"Budweiser",120,31664,4.66542658730159,0,0,0,158871900.16,220,0.0893307330373107,3,0,1,0,1.54017927434182,10.3629356678423,0,0,0,NA
102,26,"Budweiser",121,36616.96,4.55439604530039,0.25,0,0,158871900.16,220,0.0893307330373107,3,0,1,0,1.51609293032931,10.5082668000365,1,0,0,121
102,26,"Budweiser",122,11064,4.85576923076923,0.153846153846154,0,0,158871900.16,220,0.0893307330373107,3,0,1,0,1.58016753013399,9.31145187334459,1,0,0,122
102,26,"Budweiser",123,17456,4.72643849206349,0.428571428571429,0,0,158871900.16,220,0.0893307330373107,3,0,1,0,1.55317195737717,9.76743870807285,1,0,0,123
102,26,"Budweiser",124,13416,4.72916666666667,0.25,0,0,158871900.16,220,0.0893307330373107,3,0,1,0,1.55374900657351,9.50420330350305,1,0,0,124
102,26,"Budweiser",125,19456,5.046875,0.166666666666667,0,0,158871900.16,220,0.0893307330373107,3,0,1,0,1.61876923986298,9.87591078476589,1,0,0,125
102,26,"Budweiser",126,18976,4.96502976190476,0.214285714285714,0,0,158871900.16,220,0.0893307330373107,3,0,1,0,1.60241929182051,9.85093030179745,1,0,0,126
102,26,"Budweiser",127,15744,4.90897817460317,0.142857142857143,0,0,158871900.16,220,0.0893307330373107,3,0,1,0,1.59106580906953,9.66421461929203,1,0,0,127
102,26,"Budweiser",128,15144,4.81891025641026,0.153846153846154,0,0,158871900.16,220,0.0893307330373107,3,0,1,0,1.5725478146191,9.62535969288916,1,0,0,128
102,26,"Budweiser",129,16736,4.91426282051282,0.230769230769231,0,0,158871900.16,220,0.0893307330373107,3,0,1,0,1.59214175669661,9.72531736686465,1,0,0,129
102,26,"Budweiser",130,17000,5.01835317460317,0.142857142857143,0,0,158871900.16,220,0.0893307330373107,3,0,1,0,1.61310182701463,9.74096862303835,1,0,0,130
102,26,"Budweiser",131,13032,4.66195436507937,0.357142857142857,0,0,158871900.16,220,0.0893307330373107,3,0,1,0,1.53943475186539,9.47516315028188,1,0,0,131
102,26,"Budweiser",132,23448,4.61226851851852,0.583333333333333,0,0,158871900.16,220,0.0893307330373107,3,0,1,0,1.52871982242026,10.0625404823907,1,0,0,132
102,26,"Budweiser",133,15488,4.92485119047619,0.214285714285714,0,0,158871900.16,220,0.0893307330373107,3,0,1,0,1.59429405903583,9.64782080951636,1,0,0,133
102,26,"Budweiser",134,14608,5.00763888888889,0,0,0,158871900.16,220,0.0893307330373107,3,0,1,0,1.61096452434671,9.58932460283475,0,0,0,NA
102,26,"Budweiser",135,16528,4.96821581196581,0,0,0,158871900.16,220,0.0893307330373107,3,0,1,0,1.60306078409947,9.71281119135942,0,0,0,NA
102,26,"Budweiser",136,17384,4.93819444444444,0.2,0,0,158871900.16,220,0.0893307330373107,3,0,1,0,1.59699976731347,9.76330552193627,1,0,0,136
102,26,"Budweiser",137,20576,4.93402777777778,0.2,0,0,158871900.16,220,0.0893307330373107,3,0,1,0,1.59615564796115,9.93188062703735,1,0,0,137
102,26,"Budweiser",138,12848,4.94907407407407,0,0,0,158871900.16,220,0.0893307330373107,3,0,1,0,1.59920050334088,9.46094343618654,0,0,0,NA
102,26,"Budweiser",139,16936,5.06365740740741,0,0,0,158871900.16,220,0.0893307330373107,3,0,1,0,1.62208902998766,9.7371968128147,0,0,0,NA
102,26,"Budweiser",140,26144,4.71651785714286,0.428571428571429,0,0,158871900.16,220,0.0893307330373107,3,0,1,0,1.55107078520107,10.1713749976597,1,0,0,140
102,26,"Budweiser",141,28280,4.73851495726496,0.384615384615385,0,0,158871900.16,220,0.0893307330373107,3,0,1,0,1.55572378646317,10.2499101200105,1,0,0,141
102,26,"Budweiser",142,21608,4.96821581196581,0,0,0,158871900.16,220,0.0893307330373107,3,0,1,0,1.60306078409947,9.98081889547245,0,0,0,NA
102,26,"Budweiser",143,20496,5.03530092592593,0,0,0,158871900.16,220,0.0893307330373107,3,0,1,0,1.61647329120202,9.92798502413651,0,0,0,NA
102,26,"Budweiser",144,27624,4.98397435897436,0.153846153846154,0,0,158871900.16,220,0.0893307330373107,3,0,1,0,1.60622763680385,10.2264402390698,1,0,0,144
102,26,"Budweiser",145,21224,4.92485119047619,0.214285714285714,0,0,158871900.16,220,0.0893307330373107,3,0,1,0,1.59429405903583,9.96288789581758,1,0,0,145
102,26,"Budweiser",146,17648,4.96821581196581,0,0,0,158871900.16,220,0.0893307330373107,3,0,1,0,1.60306078409947,9.77837774149328,0,0,0,NA
102,26,"Budweiser",147,20696,4.77564102564103,0.230769230769231,0,0,158871900.16,220,0.0893307330373107,3,0,1,0,1.56352821113002,9.93769572386586,1,0,0,147
102,26,"Budweiser",148,28076.48,4.59459408309108,0.375,0,0,158871900.16,220,0.0893307330373107,3,0,1,0,1.5248804130788,10.2426874941567,1,0,0,148
102,26,"Budweiser",149,18752,4.78061868686869,0.363636363636364,0,0,158871900.16,220,0.0893307330373107,3,0,1,0,1.56456997052702,9.83905569237674,1,0,0,149
102,26,"Budweiser",150,15360,5.03447420634921,0.214285714285714,0,0,158871900.16,220,0.0893307330373107,3,0,1,0,1.61630909298156,9.63952200670166,1,0,0,150
102,26,"Budweiser",151,15816,5.06374007936508,0,0,0,158871900.16,220,0.0893307330373107,3,0,1,0,1.622105356385,9.66877736485045,0,0,0,NA
102,26,"Budweiser",152,20048,4.90500992063492,0.142857142857143,0,0,158871900.16,220,0.0893307330373107,3,0,1,0,1.59025711557082,9.90588467713585,1,0,0,152
102,26,"Budweiser",153,16864,4.92460317460317,0.214285714285714,0,0,158871900.16,220,0.0893307330373107,3,0,1,0,1.59424369769318,9.73293645134109,1,0,0,153
102,26,"Budweiser",154,16040,5.04108796296296,0.166666666666667,0,0,158871900.16,220,0.0893307330373107,3,0,1,0,1.61762192445489,9.68284088142051,1,0,0,154
102,26,"Budweiser",155,16264,4.89728009259259,0.25,0,0,158871900.16,220,0.0893307330373107,3,0,1,0,1.58867996785653,9.69670935530818,1,0,0,155
102,26,"Budweiser",156,16504,4.96741452991453,0.153846153846154,0,0,158871900.16,220,0.0893307330373107,3,0,1,0,1.60289948944066,9.71135805475109,1,0,0,156
102,26,"Budweiser",157,15056,4.88268849206349,0.142857142857143,0,0,158871900.16,220,0.0893307330373107,3,0,1,0,1.58569598866888,9.61953186182516,1,0,0,157
102,26,"Budweiser",158,12064,5.02331349206349,0,0,0,158871900.16,220,0.0893307330373107,3,0,1,0,1.61408977414103,9.39798109024774,0,0,0,NA
102,26,"Budweiser",162,18872,4.67679398148148,0.416666666666667,0,0,158871900.16,220,0.0893307330373107,3,0,1,0,1.54261282848586,9.84543462108751,1,0,0,162
102,26,"Budweiser",163,14200,4.97275641025641,0.153846153846154,0,0,158871900.16,220,0.0893307330373107,3,0,1,0,1.60397429607895,9.56099724358935,1,0,0,163
102,26,"Budweiser",165,12424,4.96287393162393,0,0,0,158871900.16,220,0.0893307330373107,3,0,1,0,1.60198499463527,9.42738536482852,0,0,0,NA
102,26,"Budweiser",167,20960,4.71155753968254,0.428571428571429,0,0,158871900.16,220,0.0893307330373107,3,0,1,0,1.55001854119384,9.95037113843498,1,0,0,167
102,26,"Budweiser",168,15136,4.74465811965812,0.384615384615385,0,0,158871900.16,220,0.0893307330373107,3,0,1,0,1.55701937881451,9.62483129129166,1,0,0,168
102,26,"Budweiser",169,12968,5.01041666666667,0,0,0,158871900.16,220,0.0893307330373107,3,0,1,0,1.61151907863792,9.47024006341551,0,0,0,NA
102,26,"Budweiser",171,18748.48,4.81380596551381,0.153846153846154,0,0,158871900.16,220,0.0893307330373107,3,0,1,0,1.57148803225729,9.83886796144581,1,0,0,171
102,26,"Budweiser",172,17120,4.79647435897436,0.384615384615385,0,0,158871900.16,220,0.0893307330373107,3,0,1,0,1.56788113948327,9.74800264969573,1,0,0,172
102,26,"Budweiser",173,16000,4.80282738095238,0.214285714285714,0,0,158871900.16,220,0.0893307330373107,3,0,1,0,1.56920478219765,9.68034400122192,1,0,0,173
102,26,"Budweiser",175,13480,4.93813131313131,0.181818181818182,0,0,158871900.16,220,0.0893307330373107,3,0,1,0,1.59698698294109,9.5089623844663,1,0,0,175
102,26,"Budweiser",176,14568,4.68827160493827,0.222222222222222,0,0,158871900.16,220,0.0893307330373107,3,0,1,0,1.54506398680344,9.58658262140744,1,0,0,176
102,26,"Budweiser",177,19616,4.82696759259259,0.25,0,0,158871900.16,220,0.0893307330373107,3,0,1,0,1.57421844287761,9.88410083873594,1,0,0,177
102,26,"Budweiser",178,13232,4.95673076923077,0.153846153846154,0,0,158871900.16,220,0.0893307330373107,3,0,1,0,1.60074640431564,9.49039341726347,1,0,0,178
102,26,"Budweiser",179,15152,4.95428240740741,0.166666666666667,0,0,158871900.16,220,0.0893307330373107,3,0,1,0,1.60025233537848,9.62588781542586,1,0,0,179
102,26,"Budweiser",180,11832,4.93142361111111,0,0,0,158871900.16,220,0.0893307330373107,3,0,1,0,1.59562771130129,9.37856300439064,0,0,0,NA
102,26,"Budweiser",182,12000,4.88927469135802,0.222222222222222,0,0,158871900.16,220,0.0893307330373107,3,0,1,0,1.5870439676099,9.39266192877014,1,0,0,182
102,26,"Budweiser",183,23216,4.95428240740741,0.166666666666667,0,0,158871900.16,220,0.0893307330373107,3,0,1,0,1.60025233537848,10.052596975124,1,0,0,183
102,26,"Budweiser",185,9824,4.84970238095238,0.214285714285714,0,0,158871900.16,220,0.0893307330373107,3,0,1,0,1.57891733831441,9.19258365038692,1,0,0,185
102,26,"Budweiser",186,14384,4.77457264957265,0.384615384615385,0,0,158871900.16,220,0.0893307330373107,3,0,1,0,1.56330447245586,9.5738717567114,1,0,0,186
102,26,"Budweiser",187,19496,4.97867063492063,0.142857142857143,0,0,158871900.16,220,0.0893307330373107,3,0,1,0,1.60516291462254,9.87796459530504,1,0,0,187
102,26,"Budweiser",189,13304,5.02430555555556,0,0,0,158871900.16,220,0.0893307330373107,3,0,1,0,1.61428724649554,9.49582002087276,0,0,0,NA
102,26,"Budweiser",190,22464,4.97809829059829,0.153846153846154,0,0,158871900.16,220,0.0893307330373107,3,0,1,0,1.60504794874812,10.0196693068255,1,0,0,190
102,26,"Budweiser",191,21800,4.97809829059829,0.153846153846154,0,0,158871900.16,220,0.0893307330373107,3,0,1,0,1.60504794874812,9.98966524877718,1,0,0,191
102,26,"Budweiser",192,14872,5.03151709401709,0,0,0,158871900.16,220,0.0893307330373107,3,0,1,0,1.61572154778528,9.60723552940128,0,0,0,NA
102,26,"Budweiser",193,17368,4.81539351851852,0.25,0,0,158871900.16,220,0.0893307330373107,3,0,1,0,1.57181776953643,9.76238471155813,1,0,0,193
102,26,"Budweiser",194,23216,4.82696759259259,0.25,0,0,158871900.16,220,0.0893307330373107,3,0,1,0,1.57421844287761,10.052596975124,1,0,0,194
102,26,"Budweiser",195,23024,4.88814484126984,0.214285714285714,0,0,158871900.16,220,0.0893307330373107,3,0,1,0,1.58681285344129,10.0442924291271,1,0,0,195
102,26,"Budweiser",196,27992,4.83819444444444,0.2,0,0,158871900.16,220,0.0893307330373107,3,0,1,0,1.57654160246007,10.2396740340475,1,0,0,196
102,26,"Budweiser",197,14936,4.96081349206349,0,0,0,158871900.16,220,0.0893307330373107,3,0,1,0,1.60156973778526,9.61152968522156,0,0,0,NA
102,26,"Budweiser",198,18040,4.7678952991453,0.153846153846154,0,0,158871900.16,220,0.0893307330373107,3,0,1,0,1.56190497045007,9.80034679361662,1,0,0,198
102,26,"Budweiser",200,19272,4.76655982905983,0.230769230769231,0,0,158871900.16,220,0.0893307330373107,3,0,1,0,1.56162483486261,9.86640854429471,1,0,0,200
102,26,"Budweiser",201,18824,4.64380787037037,0.416666666666667,0,0,158871900.16,220,0.0893307330373107,3,0,1,0,1.53553469139721,9.8428879304072,1,0,0,201
102,26,"Budweiser",202,27536,4.66729797979798,0.272727272727273,0,0,158871900.16,220,0.0893307330373107,3,0,1,0,1.54058031318273,10.2232495184513,1,0,0,202
102,26,"Budweiser",203,20600,4.88675213675214,0.153846153846154,0,0,158871900.16,220,0.0893307330373107,3,0,1,0,1.58652789810513,9.93304635477767,1,0,0,203
102,26,"Budweiser",204,15392,4.9375,0,0,0,158871900.16,220,0.0893307330373107,3,0,1,0,1.59685913022724,9.64160317290549,0,0,0,NA
102,26,"Budweiser",205,20352,4.86979166666667,0.166666666666667,0,0,158871900.16,220,0.0893307330373107,3,0,1,0,1.58305115726091,9.92093446613985,1,0,0,205
102,26,"Budweiser",207,16448,4.82378472222222,0.166666666666667,0,0,158871900.16,220,0.0893307330373107,3,0,1,0,1.57355883202408,9.70795916825489,1,0,0,207
102,26,"Budweiser",208,20328,4.74465811965812,0.153846153846154,0,0,158871900.16,220,0.0893307330373107,3,0,1,0,1.55701937881451,9.919754525,1,0,0,208
102,26,"Budweiser",209,12576,4.93344907407407,0,0,0,158871900.16,220,0.0893307330373107,3,0,1,0,1.59603835278772,9.43954551466899,0,0,0,NA
102,26,"Budweiser",210,11312,4.90340909090909,0,0,0,158871900.16,220,0.0893307330373107,3,0,1,0,1.58993069604528,9.33361938813635,0,0,0,NA
102,26,"Budweiser",211,21920,4.57523148148148,0.5,0,0,158871900.16,220,0.0893307330373107,3,0,1,0,1.52065729449263,9.99515474106195,1,0,0,211
102,26,"Budweiser",212,14800,4.67992424242424,0.454545454545455,0,0,158871900.16,220,0.0893307330373107,3,0,1,0,1.54328192228235,9.60238245975221,1,0,0,212
102,26,"Budweiser",213,14488,4.87419871794872,0,0,0,158871900.16,220,0.0893307330373107,3,0,1,0,1.58395572539133,9.58107599956325,0,0,0,NA
102,26,"Budweiser",215,20872,4.86160714285714,0.142857142857143,0,0,158871900.16,220,0.0893307330373107,3,0,1,0,1.58136907107792,9.94616382681656,1,0,0,215
102,26,"Budweiser",216,20384,4.64583333333333,0.4,0,0,158871900.16,220,0.0893307330373107,3,0,1,0,1.53597076055223,9.92250555837189,1,0,0,216
102,26,"Budweiser",217,12688,4.84561965811966,0.153846153846154,0,0,158871900.16,220,0.0893307330373107,3,0,1,0,1.57807513357741,9.44841194387463,1,0,0,217
102,26,"Budweiser",218,16176,4.55315170940171,0.384615384615385,0,0,158871900.16,220,0.0893307330373107,3,0,1,0,1.51581967655344,9.69128394126025,1,0,0,218
102,26,"Budweiser",220,16088,4.67766203703704,0.416666666666667,0,0,158871900.16,220,0.0893307330373107,3,0,1,0,1.54279842036984,9.68582893145249,1,0,0,220
102,26,"Budweiser",221,16072,4.83066239316239,0.153846153846154,0,0,158871900.16,220,0.0893307330373107,3,0,1,0,1.57498359970294,9.68483390649477,1,0,0,221
102,26,"Budweiser",222,17016,4.55235042735043,0.384615384615385,0,0,158871900.16,220,0.0893307330373107,3,0,1,0,1.51564367702232,9.74190935688007,1,0,0,222
102,26,"Budweiser",223,17912,4.55528846153846,0.461538461538462,0,0,158871900.16,220,0.0893307330373107,3,0,1,0,1.51628885725526,9.79322615827859,1,0,0,223
102,26,"Budweiser",224,25112,4.58842592592593,0.4,0,0,158871900.16,220,0.0893307330373107,3,0,1,0,1.5235370297285,10.1311010985218,1,0,0,224
102,26,"Budweiser",225,24296,4.80439814814815,0.166666666666667,0,0,158871900.16,220,0.0893307330373107,3,0,1,0,1.56953177924898,10.0980670067256,1,0,0,225
102,26,"Budweiser",226,14720,4.89316239316239,0.153846153846154,0,0,158871900.16,220,0.0893307330373107,3,0,1,0,1.58783880063064,9.59696239228287,1,0,0,226
102,26,"Budweiser",227,19904,4.86061507936508,0.285714285714286,0,0,158871900.16,220,0.0893307330373107,3,0,1,0,1.58116498944456,9.89867599553891,1,0,0,227
102,26,"Budweiser",228,16928,4.54807692307692,0.461538461538462,0,0,158871900.16,220,0.0893307330373107,3,0,1,0,1.51470448935056,9.73672433465803,1,0,0,228
102,26,"Budweiser",229,26656,4.47083333333333,0.533333333333333,0,0,158871900.16,220,0.0893307330373107,3,0,1,0,1.49757481928871,10.1907695449666,1,0,0,229
102,26,"Budweiser",230,20360,4.875,0.285714285714286,0,0,158871900.16,220,0.0893307330373107,3,0,1,0,1.58412010444981,9.92132747066446,1,0,0,230
102,26,"Budweiser",231,12360,5.04487179487179,0.153846153846154,0,0,158871900.16,220,0.0893307330373107,3,0,1,0,1.61837224116787,9.42222073101168,1,0,0,231
102,26,"Budweiser",232,20360,4.875,0.285714285714286,0,0,158871900.16,220,0.0893307330373107,3,0,1,0,1.58412010444981,9.92132747066446,1,0,0,232
102,26,"Budweiser",233,12360,5.04487179487179,0.153846153846154,0,0,158871900.16,220,0.0893307330373107,3,0,1,0,1.61837224116787,9.42222073101168,1,0,0,233
102,26,"Budweiser",234,14024,5.06622023809524,0.357142857142857,0,0,158871900.16,220,0.0893307330373107,3,0,1,0,1.62259502439987,9.54852542660107,1,0,0,234
102,26,"Budweiser",235,18696,4.80416666666667,0.666666666666667,0,0,158871900.16,220,0.0893307330373107,3,0,1,0,1.56948359692707,9.83606487621869,1,0,0,235
102,26,"Budweiser",236,14808,4.72337962962963,0.4,0,0,158871900.16,220,0.0893307330373107,3,0,1,0,1.55252456660175,9.60292285425333,1,0,0,236
102,26,"Budweiser",237,15344,4.90787037037037,0.4,0,0,158871900.16,220,0.0893307330373107,3,0,1,0,1.59084011459489,9.63847979712322,1,0,0,237
102,26,"Budweiser",238,23008,4.83962673611111,0.4375,0,0,158871900.16,220,0.0893307330373107,3,0,1,0,1.57683759711639,10.0435972605208,1,0,0,238
102,26,"Budweiser",239,14960,5.14930555555556,0.133333333333333,0,0,158871900.16,220,0.0893307330373107,3,0,1,0,1.63886186200199,9.61313525152847,1,0,0,239
102,26,"Budweiser",240,16312,5.05416666666667,0.133333333333333,0,0,158871900.16,220,0.0893307330373107,3,0,1,0,1.62021298560206,9.69965631225429,1,0,0,240
102,26,"Budweiser",241,25920,4.90950520833333,0.3125,0,0,158871900.16,220,0.0893307330373107,3,0,1,0,1.59117316449503,10.1627701504662,1,0,0,241
102,26,"Budweiser",242,20464,5.05099826388889,0.3125,0,0,158871900.16,220,0.0893307330373107,3,0,1,0,1.61958589976954,9.92642252381862,1,0,0,242
102,26,"Budweiser",243,22776,4.91741071428571,0.357142857142857,0,0,158871900.16,220,0.0893307330373107,3,0,1,0,1.59278211438736,10.0334626289579,1,0,0,243
102,26,"Budweiser",244,15432,4.99519230769231,0.153846153846154,0,0,158871900.16,220,0.0893307330373107,3,0,1,0,1.60847591139791,9.64419855458556,1,0,0,244
102,26,"Budweiser",245,24968,4.90473090277778,0.25,0,0,158871900.16,220,0.0893307330373107,3,0,1,0,1.59020022969336,10.1253502839506,1,0,0,245
102,26,"Budweiser",246,32288,4.89735243055556,0.25,0,0,158871900.16,220,0.0893307330373107,3,0,1,0,1.58869473879618,10.3824509231533,1,0,0,246
102,26,"Budweiser",247,20968,4.97482638888889,0.333333333333333,0,0,158871900.16,220,0.0893307330373107,3,0,1,0,1.6043904732959,9.95075274500324,1,0,0,247
102,26,"Budweiser",248,23240,5.041015625,0.3125,0,0,158871900.16,220,0.0893307330373107,3,0,1,0,1.61760757467911,10.0536302109658,1,0,0,248
102,26,"Budweiser",249,27320,4.90302579365079,0.428571428571429,0,0,158871900.16,220,0.0893307330373107,3,0,1,0,1.58985252344473,10.2153743136847,1,0,0,249
102,26,"Budweiser",250,15592,5.14675925925926,0.2,0,0,158871900.16,220,0.0893307330373107,3,0,1,0,1.6383672465554,9.6545132411874,1,0,0,250
102,26,"Budweiser",252,24960,4.95856481481481,0.266666666666667,0,0,158871900.16,220,0.0893307330373107,3,0,1,0,1.60111634701466,10.1250298224834,1,0,0,252
102,26,"Budweiser",253,21816,4.82843137254902,0.411764705882353,0,0,158871900.16,220,0.0893307330373107,3,0,1,0,1.57452164732787,9.99039892452542,1,0,0,253
102,26,"Budweiser",254,20360,4.88773148148148,0.222222222222222,0,0,158871900.16,220,0.0893307330373107,3,0,1,0,1.58672828612989,9.92132747066446,1,0,0,254
102,26,"Budweiser",255,22392,4.90907118055556,0.25,0,0,158871900.16,220,0.0893307330373107,3,0,1,0,1.59108475498211,10.0164590311953,1,0,0,255
102,26,"Budweiser",256,12720,5.1297123015873,0,0,0,158871900.16,220,0.0893307330373107,3,0,1,0,1.63504957604812,9.45093083689411,0,0,0,NA
102,26,"Budweiser",257,19904,5.02901785714286,0.214285714285714,0,0,158871900.16,220,0.0893307330373107,3,0,1,0,1.61522470801726,9.89867599553891,1,0,0,257
102,26,"Budweiser",258,24856,4.87615740740741,0.388888888888889,0,0,158871900.16,220,0.0893307330373107,3,0,1,0,1.58435749317496,10.1208544510729,1,0,0,258
102,26,"Budweiser",260,19096,5.00737847222222,0.125,0,0,158871900.16,220,0.0893307330373107,3,0,1,0,1.61091251911151,9.85723416801867,1,0,0,260
102,26,"Budweiser",261,18024,4.96750992063492,0.214285714285714,0,0,158871900.16,220,0.0893307330373107,3,0,1,0,1.60291869255003,9.79945948211208,1,0,0,261
102,26,"Budweiser",266,14216,4.87980769230769,0.384615384615385,0,0,158871900.16,220,0.0893307330373107,3,0,1,0,1.58510581177457,9.56212336983449,1,0,0,266
102,26,"Budweiser",268,13432,5.140625,0,0,0,158871900.16,220,0.0893307330373107,3,0,1,0,1.6371746674057,9.50539519875738,0,0,0,NA
102,26,"Budweiser",269,11960,5.16815476190476,0,0,0,158871900.16,220,0.0893307330373107,3,0,1,0,1.64251571222092,9.38932302750462,0,0,0,NA
102,26,"Budweiser",270,14240,5.00719246031746,0.285714285714286,0,0,158871900.16,220,0.0893307330373107,3,0,1,0,1.61087537085902,9.56381018496597,1,0,0,270
102,26,"Budweiser",271,16352,5.12152777777778,0.1875,0,0,158871900.16,220,0.0893307330373107,3,0,1,0,1.63345278863797,9.70210549300343,1,0,0,271
102,26,"Budweiser",272,14728,4.890625,0.1875,0,0,158871900.16,220,0.0893307330373107,3,0,1,0,1.58732010718048,9.59750572291291,1,0,0,272
102,26,"Budweiser",273,12896,4.78447420634921,0.357142857142857,0,0,158871900.16,220,0.0893307330373107,3,0,1,0,1.56537613513668,9.46467246474641,1,0,0,273
102,26,"Budweiser",274,10088,4.95188492063492,0.357142857142857,0,0,158871900.16,220,0.0893307330373107,3,0,1,0,1.59976829614517,9.21910187764476,1,0,0,274
102,26,"Budweiser",275,19800,5.06597222222222,0.2,0,0,158871900.16,220,0.0893307330373107,3,0,1,0,1.62254606838684,9.89343721668263,1,0,0,275
102,26,"Budweiser",276,15928,5.14903846153846,0.153846153846154,0,0,158871900.16,220,0.0893307330373107,3,0,1,0,1.63880999074643,9.67583384574403,1,0,0,276
102,26,"Budweiser",277,12936,5.19764957264957,0,0,0,158871900.16,220,0.0893307330373107,3,0,1,0,1.64820651814251,9.46776940125694,0,0,0,NA
102,26,"Budweiser",278,14048,4.96085858585859,0.181818181818182,0,0,158871900.16,220,0.0893307330373107,3,0,1,0,1.60157882774403,9.5502353158749,1,0,0,278
102,26,"Budweiser",279,13176,4.99786324786325,0.307692307692308,0,0,158871900.16,220,0.0893307330373107,3,0,1,0,1.60901047066653,9.48615227185748,1,0,0,279
102,26,"Budweiser",280,23384,4.89265046296296,0.25,0,0,158871900.16,220,0.0893307330373107,3,0,1,0,1.58773417361448,10.0598073067911,1,0,0,280
102,26,"Budweiser",281,16040,5.04324494949495,0,0,0,158871900.16,220,0.0893307330373107,3,0,1,0,1.61804971409326,9.68284088142051,0,0,0,NA
102,26,"Budweiser",282,14048,4.96085858585859,0.181818181818182,0,0,158871900.16,220,0.0893307330373107,3,0,1,0,1.60157882774403,9.5502353158749,1,0,0,282
102,26,"Budweiser",283,13176,4.99786324786325,0.307692307692308,0,0,158871900.16,220,0.0893307330373107,3,0,1,0,1.60901047066653,9.48615227185748,1,0,0,283
102,26,"Budweiser",286,17112,5.45287698412699,0.142857142857143,0,0,158871900.16,220,0.0893307330373107,3,0,1,0,1.6961433563876,9.74753525076224,1,0,0,286
102,26,"Budweiser",288,11488,5.24305555555556,0.230769230769231,0,0,158871900.16,220,0.0893307330373107,3,0,1,0,1.65690444967302,9.349058291288,1,0,0,288
102,26,"Budweiser",289,14112,5.10445601851852,0.416666666666667,0,0,158871900.16,220,0.0893307330373107,3,0,1,0,1.63011388737246,9.55478077824657,1,0,0,289
102,26,"Budweiser",290,13728,5.07825854700855,0.307692307692308,0,0.153846153846154,158871900.16,220,0.0893307330373107,3,0,1,0,1.6249683971121,9.52719282172774,1,0,1,290
102,26,"Budweiser",291,10240,5.33101851851852,0,0,0,158871900.16,220,0.0893307330373107,3,0,1,0,1.67354231157657,9.2340568985935,0,0,0,NA
102,26,"Budweiser",292,13240,5.26041666666667,0,0,0,158871900.16,220,0.0893307330373107,3,0,1,0,1.66021023780752,9.490997829491,0,0,0,NA
102,26,"Budweiser",293,15768,5.21230158730159,0.285714285714286,0,0,158871900.16,220,0.0893307330373107,3,0,1,0,1.65102152161417,9.66573784883256,1,0,0,293
102,26,"Budweiser",294,19896,5.11565170940171,0.307692307692308,0,0,158871900.16,220,0.0893307330373107,3,0,1,0,1.63230480270518,9.89827398548324,1,0,0,294
102,26,"Budweiser",295,16568,5.17261904761905,0.142857142857143,0,0,158871900.16,220,0.0893307330373107,3,0,1,0,1.64337914586213,9.71522840307542,1,0,0,295
102,26,"Budweiser",296,17392,5.05740740740741,0.333333333333333,0,0,158871900.16,220,0.0893307330373107,3,0,1,0,1.62085398191539,9.76376560936099,1,0,0,296
102,26,"Budweiser",297,20216,5.11855158730159,0.428571428571429,0,0,158871900.16,220,0.0893307330373107,3,0,1,0,1.63287150592446,9.91422964906803,1,0,0,297
102,26,"Budweiser",298,25032,5.31150793650794,0.142857142857143,0,0,158871900.16,220,0.0893307330373107,3,0,1,0,1.66987577544898,10.1279102853487,1,0,0,298
102,26,"Budweiser",299,16056,5.27199074074074,0,0,0,158871900.16,220,0.0893307330373107,3,0,1,0,1.66240804089,9.68383789047617,0,0,0,NA
102,26,"Budweiser",300,24672,4.95510912698413,0.428571428571429,0,0,158871900.16,220,0.0893307330373107,3,0,1,0,1.60041919114874,10.1134242763631,1,0,0,300
102,26,"Budweiser",301,71032,4.81782407407407,0.4,0,0,158871900.16,220,0.0893307330373107,3,0,1,0,1.5723223892201,11.1708857587122,1,0,0,301
102,26,"Budweiser",302,53848,4.98214285714286,0,0,0.214285714285714,158871900.16,220,0.0893307330373107,3,0,1,0,1.60586009108622,10.8939205416905,0,0,1,302
102,26,"Budweiser",303,40824,5.21750992063492,0,0,0,158871900.16,220,0.0893307330373107,3,0,1,0,1.65202026138282,10.6170254227438,0,0,0,NA
102,26,"Budweiser",304,25696,4.99206349206349,0.266666666666667,0,0,158871900.16,220,0.0893307330373107,3,0,1,0,1.60784934974896,10.1540906167465,1,0,0,304
102,26,"Budweiser",305,40552,5.12840136054422,0.285714285714286,0,0,158871900.16,220,0.0893307330373107,3,0,1,0,1.63479398499241,10.6103403801522,1,0,0,305
102,26,"Budweiser",306,20352,5.21011904761905,0.133333333333333,0,0,158871900.16,220,0.0893307330373107,3,0,1,0,1.65060270533513,9.92093446613985,1,0,0,306
102,26,"Budweiser",307,19024,5.22771164021164,0.2,0,0,158871900.16,220,0.0893307330373107,3,0,1,0,1.65397363743352,9.85345661893056,1,0,0,307
102,26,"Budweiser",308,15416,5.08411871693122,0.416666666666667,0,0,158871900.16,220,0.0893307330373107,3,0,1,0,1.62612170414254,9.6431612100942,1,0,0,308
102,26,"Budweiser",309,31768,5.23255621693122,0.166666666666667,0,0,158871900.16,220,0.0893307330373107,3,0,1,0,1.65489991907987,10.3662147728111,1,0,0,309
102,26,"Budweiser",310,40496,5.13633786848073,0.285714285714286,0,0,158871900.16,220,0.0893307330373107,3,0,1,0,1.63634034858548,10.6089584827849,1,0,0,310
102,26,"Budweiser",311,25912,5.11891534391534,0.2,0,0,158871900.16,220,0.0893307330373107,3,0,1,0,1.63294256971716,10.1624614608512,1,0,0,311
102,26,"Budweiser",312,33432,5.08871882086168,0.214285714285714,0,0,158871900.16,220,0.0893307330373107,3,0,1,0,1.62702609374415,10.4172688041278,1,0,0,312
102,26,"Budweiser",313,13104,5.33048941798942,0.133333333333333,0,0,158871900.16,220,0.0893307330373107,3,0,1,0,1.67344305722481,9.48067280609285,1,0,0,313
102,26,"Budweiser",314,21616,5.24397675736961,0.142857142857143,0,0,158871900.16,220,0.0893307330373107,3,0,1,0,1.65708013365853,9.98118906019998,1,0,0,314
102,26,"Budweiser",315,18120,5.10096153846154,0.384615384615385,0,0,158871900.16,220,0.0893307330373107,3,0,1,0,1.62942905891267,9.80477157959697,1,0,0,315
102,26,"Budweiser",316,17824,5.20779914529914,0.230769230769231,0,0,158871900.16,220,0.0893307330373107,3,0,1,0,1.65015733759173,9.78830114272701,1,0,0,316
102,26,"Budweiser",317,14304,5.35263723544973,0,0,0,158871900.16,220,0.0893307330373107,3,0,1,0,1.67758938065787,9.5682944974133,0,0,0,NA
102,26,"Budweiser",159,13032,4.89983974358974,0,0,0,158871900.16,220,0.0893307330373107,3,0,1,0,1.5892024991919,9.47516315028188,0,0,0,NA
102,26,"Budweiser",160,12348.48,4.91022690568475,0.307692307692308,0,0,158871900.16,220,0.0893307330373107,3,0,1,0,1.59132015370906,9.42128825755846,1,0,0,160
102,26,"Budweiser",161,14352,4.76294191919192,0.363636363636364,0,0,158871900.16,220,0.0893307330373107,3,0,1,0,1.56086552757933,9.57164458429858,1,0,0,161
102,26,"Budweiser",164,14136,4.8978587962963,0.166666666666667,0,0,158871900.16,220,0.0893307330373107,3,0,1,0,1.58879812926515,9.55648001399953,1,0,0,164
102,26,"Budweiser",166,12168,4.72067901234568,0.222222222222222,0,0,158871900.16,220,0.0893307330373107,3,0,1,0,1.55195264779863,9.40656483393913,1,0,0,166
102,26,"Budweiser",170,14640,4.92147435897436,0,0,0,158871900.16,220,0.0893307330373107,3,0,1,0,1.59360815207139,9.5915127875153,0,0,0,NA
102,26,"Budweiser",174,11472,4.98477564102564,0,0,0,158871900.16,220,0.0893307330373107,3,0,1,0,1.60638839558565,9.3476645628394,0,0,0,NA
102,26,"Budweiser",181,9888,4.94201388888889,0,0,0,158871900.16,220,0.0893307330373107,3,0,1,0,1.59777291794063,9.19907717969747,0,0,0,NA
102,26,"Budweiser",184,10104,4.7572601010101,0.272727272727273,0,0,158871900.16,220,0.0893307330373107,3,0,1,0,1.55967189348536,9.22068666403033,1,0,0,184
102,26,"Budweiser",188,7992,4.91358024691358,0,0,0,158871900.16,220,0.0893307330373107,3,0,1,0,1.592002850612,8.98619632032839,0,0,0,NA
102,26,"Budweiser",199,23592,4.76012731481481,0.166666666666667,0,0,158871900.16,220,0.0893307330373107,3,0,1,0,1.56027441469547,10.0686629504951,1,0,0,199
102,26,"Budweiser",206,19032,4.71180555555556,0.222222222222222,0,0,158871900.16,220,0.0893307330373107,3,0,1,0,1.55007117969892,9.85387705198279,1,0,0,206
102,26,"Budweiser",214,10824,4.87342171717172,0,0,0,158871900.16,220,0.0893307330373107,3,0,1,0,1.58379630170761,9.28952116985062,0,0,0,NA
102,26,"Budweiser",251,28320,5.03356481481481,0.0666666666666667,0,0,158871900.16,220,0.0893307330373107,3,0,1,0,1.61612844379358,10.2513235478077,1,0,0,251
102,26,"Budweiser",259,17232,4.68431712962963,0.416666666666667,0,0,158871900.16,220,0.0893307330373107,3,0,1,0,1.54422014831756,9.75452339939617,1,0,0,259
102,26,"Budweiser",267,11256,4.765625,0.25,0,0,158871900.16,220,0.0893307330373107,3,0,1,0,1.56142869324774,9.32865659879423,1,0,0,267
102,26,"Budweiser",287,21216,5.29340277777778,0.166666666666667,0,0,158871900.16,220,0.0893307330373107,3,0,1,0,1.66646128629236,9.96251089298559,1,0,0,287
