"StoreID","Sales","Price","MarketingContribution","SalesReps","RetailMediaPOS","Region"
"1",48.63233,1.88,1185.55,5562.86,10228.3,"Urban"
"2",22.96495,3.56,1464.97,7065.34,9031.36,"Rural"
"3",35.98091,3.57,3261.66,6895.94,3963.72,"Suburban"
"4",18.48606,1.74,1843.64,344.97,11233.03,"Suburban"
"5",36.87219,1.62,700.91,5297.18,6253.09,"Urban"
"6",21.66569,2.08,757.11,5313.4,3564.39,"Rural"
"7",282.19393,1.44,4482.59,3665.35,11636.11,"Rural"
"8",24.57914,2.81,1188.76,6851.62,9773.75,"Suburban"
"9",34.37024,3.46,4501.6,4771.77,2375.08,"Urban"
"10",17.65056,3.31,2438.28,1572.88,9488.11,"Urban"
"11",24.66869,1.84,1346.74,2238.17,2365.99,"Suburban"
"12",7.45321,2.86,643.02,4190.14,1718.46,"Suburban"
"13",60.13565,3.01,4271.73,5116.67,7593.76,"Rural"
"14",3.02765,2.55,589.29,647.92,3571.32,"Suburban"
"15",63.10423,2.24,4260.64,2591.93,3220.67,"Rural"
"16",17.81601,1.96,498.19,3833.35,9705.06,"Rural"
"17",139.72264,1.56,1936.57,4972.88,9587.64,"Suburban"
"18",131.77394,1.5,3143.9,6784.63,2181.31,"Suburban"
"19",14.41233,3.37,2321.56,4132.43,1966.01,"Suburban"
"20",17.03652,3.14,1859.03,1855.55,9902.65,"Rural"
"21",42.78765,2.5,3067.52,2562.85,7826.99,"Urban"
"22",102.78305,2.57,4793.43,7039.39,7654.23,"Urban"
"23",17.98571,2.64,1434.04,2006.66,8182,"Rural"
"24",94.47876,1.21,499.77,7797.81,8916.88,"Rural"
"25",9.37193,3.58,1863.3,1143.59,6730.39,"Urban"
"26",16.61434,3.36,2520.94,2304.94,4927.79,"Suburban"
"27",84.69559,2.16,1947.45,7347.08,8511.86,"Urban"
"28",281.66951,1.13,3854.71,2160.72,9465.37,"Urban"
"29",18.72139,3.42,1645.81,5902.82,5349.49,"Suburban"
"30",41.3407,2.68,2538.98,3615.02,9348.05,"Suburban"
"31",43.69466,0.94,877.78,697.89,3773.59,"Rural"
"32",91.51797,1.99,3921.86,2411.74,5123.83,"Rural"
"33",187.49096,1.01,3561.91,812.65,11313.29,"Suburban"
"34",150.8669,1.35,2130.16,6585.05,2654.06,"Suburban"
"35",19.28818,3.03,2247.23,2685.77,5682.83,"Suburban"
"36",19.47446,3.04,1601.02,2561.69,8193.84,"Suburban"
"37",8.73816,2.39,1399.93,944.11,1491.13,"Rural"
"38",154.06595,1.56,3361.75,3351.31,9493.11,"Urban"
"39",15.89526,3.47,4915.54,1341.4,1111.74,"Suburban"
"40",22.27434,2.4,1787.25,1803.87,5170.74,"Rural"
"41",119.71869,1.49,2314.37,4056.07,8133.7,"Urban"
"42",3.89361,2.98,733.87,496.18,10526.66,"Rural"
"43",92.45044,1.67,2808.43,7579.58,1305.06,"Urban"
"44",61.09178,2.56,2874.63,5365.27,5814.79,"Suburban"
"45",146.49828,1.53,4268.05,2502.33,7927.61,"Suburban"
"46",22.04461,1.45,1710.01,317.22,6807.61,"Suburban"
"47",28.89575,1.1,965.28,324.8,10869.96,"Suburban"
"48",147.66058,2.09,3747,7545.96,7081.82,"Suburban"
"49",70.75251,2.46,3195.54,3907.44,11803.85,"Suburban"
"50",2.76357,3.06,359.25,3998.02,1077.64,"Suburban"
"51",18.91956,2.8,2832.71,1158.17,4913.35,"Rural"
"52",32.65945,2.57,4677.2,2320.61,2091.34,"Rural"
"53",20.90948,2.96,1248.5,7365.37,5339.9,"Urban"
"54",58.6927,1.79,1072.61,7583.19,7276.13,"Rural"
"55",129.83938,2.34,4176.84,6472.11,10828.21,"Rural"
"56",3.12235,3.49,968.74,609.45,4919.87,"Rural"
"57",31.79778,0.93,424.63,935.17,9062.47,"Urban"
"58",77.53075,2.41,3207.49,7870,4659.68,"Suburban"
"59",239.15758,1.23,1995.42,7395.82,8960.05,"Rural"
"60",266.09706,1.13,4805.54,2929.6,1953.99,"Urban"
"61",26.56204,2.74,3964.01,1912.23,2454.83,"Urban"
"62",22.98358,2,1728.58,729.13,10926.21,"Urban"
"63",28.88515,1.74,1397.66,1595.08,3176.35,"Suburban"
"64",80.59441,2.91,3697.18,6516.04,10810.25,"Urban"
"65",25.30636,2.97,3016.11,2407.2,4913.02,"Rural"
"66",13.45109,3.03,746.14,6431.07,5977.1,"Urban"
"67",184.59686,1.34,3797.2,2667.76,5899.54,"Rural"
"68",108.80886,1.07,1485.14,5083.82,2273.28,"Suburban"
"69",63.61469,2.67,3018.79,5472.57,9442.99,"Urban"
"70",48.45383,3.38,4658.93,4908.11,6056.73,"Rural"
"71",16.18068,3.61,2568.43,3781.78,2301.72,"Suburban"
"72",61.37854,1.4,2492.47,981.54,11244.08,"Suburban"
"73",55.77699,2.53,2377.78,4266.08,5307.45,"Urban"
"74",74.3362,2.66,3118.56,6631.14,10823.56,"Suburban"
"75",47.16045,2.83,3004.92,4973.02,7770.79,"Urban"
"76",21.25926,3.17,2042.19,2634.22,9095.11,"Rural"
"77",27.75453,3.41,3411.34,1866.68,10986.11,"Urban"
"78",116.07462,1.57,2363.75,7857.87,3075.05,"Urban"
"79",27.20102,2.06,697.54,6193.67,7031.61,"Urban"
"80",3.98999,3.66,811.1,1689.61,6248.1,"Rural"
"81",345.13707,0.94,2380.91,5297.84,6499.25,"Rural"
"82",140.71972,1.66,4784.22,2687.62,4165.02,"Rural"
"83",146.20739,1.05,2565.05,1424.66,7273.72,"Suburban"
"84",143.93071,1.18,1553.2,5598.42,5914.79,"Urban"
"85",258.10047,1.38,4439.35,4401.42,4448.68,"Suburban"
"86",10.24407,1.94,1516.34,547.55,2607.01,"Urban"
"87",5.55512,3.33,1208.17,1721.09,2377.82,"Urban"
"88",211.7446,1.05,1917.5,6188.71,3119.45,"Rural"
"89",33.73888,3.45,3493.74,2784.18,10017.29,"Suburban"
"90",35.13661,2.71,3374.64,2464.87,6100.63,"Suburban"
"91",117.9561,1.76,4554.5,5728.84,1600.51,"Urban"
"92",25.32018,2.45,2514.33,2050.99,4894.55,"Rural"
"93",61.99385,2.85,4846.18,6859.23,1154.5,"Suburban"
"94",96.84464,1.69,2112.49,4422.92,9493.06,"Rural"
"95",382.70234,0.98,2769.64,4937.81,4731.57,"Suburban"
"96",287.59311,1.3,4692.26,5424.75,3853.39,"Suburban"
"97",85.34893,2.26,2324.56,6603.19,11307.99,"Rural"
"98",18.0382,3.59,3275.52,1779.46,11672.01,"Suburban"
"99",27.74775,3.35,3793.61,2622.56,9330.79,"Rural"
"100",18.16324,3.31,2189.06,4694.04,4902.22,"Urban"
"101",40.86324,3.56,4002.5,5414.21,5941.57,"Suburban"
"102",32.37269,3.41,2828.1,4587.7,6195.46,"Rural"
"103",29.02434,3.69,3651.52,4726.31,5716.55,"Suburban"
"104",106.11197,2.48,4808.95,6467.94,6584.92,"Urban"
"105",4.85243,2.72,2315.05,242.22,1801.68,"Suburban"
"106",18.89487,3.44,2870.5,2913.49,2827.18,"Suburban"
"107",121.63125,1.91,4197.35,3880.65,10369.42,"Suburban"
"108",27.08595,2.6,1127.06,6761.93,3387.08,"Urban"
"109",12.26823,2.99,635.87,6232.16,6603.6,"Suburban"
"110",29.469,1.31,716.95,1097.47,8768.59,"Rural"
"111",4.79436,2.47,1009.46,671.8,1846.14,"Suburban"
"112",184.80304,1.72,4768.22,6256.72,4387.54,"Rural"
"113",94.28823,2.86,4449.72,6476.33,8418.68,"Rural"
"114",13.54377,2.85,2072.95,1665.5,3624.21,"Rural"
"115",49.86311,2.72,2762.52,7343.96,3778.98,"Urban"
"116",23.53248,2.69,4175.15,2210.05,1548.97,"Rural"
"117",43.70921,3.12,4774.36,3779.74,5207.22,"Suburban"
"118",21.75118,3.61,3183.52,4948.22,1497.48,"Rural"
"119",376.38548,1.25,4583.21,5786.93,8545.48,"Rural"
"120",26.19537,2.72,1425.66,3371.42,8468.15,"Urban"
"121",59.84701,3.6,4835.44,7003.29,5885.52,"Suburban"
"122",7.039,2.87,1202.03,863.9,5264.28,"Urban"
"123",40.60104,3.44,2809.65,5405.52,11857.22,"Rural"
"124",203.49208,1.52,4540.13,5351.31,4314.28,"Suburban"
"125",199.31161,1.38,2175.35,6260.69,8958.23,"Suburban"
"126",7.00956,2.57,428.32,5274.28,1018.06,"Rural"
"127",126.39633,1.41,4743.58,1652.46,2732.42,"Urban"
"128",118.55849,1.31,4273.05,975.16,5864.02,"Suburban"
"129",474.57028,1.11,3406.16,6931.78,7117.19,"Rural"
"130",20.15945,3.31,3561.45,1983.49,2114.63,"Suburban"
"131",54.96002,2.72,3252.83,2941.88,11634.36,"Urban"
"132",46.99355,3.46,4252.75,4404.57,6511.2,"Suburban"
"133",44.53771,2.53,1971.66,7823.58,3657.31,"Urban"
"134",32.2306,1.54,2678.6,944.68,1331.59,"Urban"
"135",19.79189,3.26,2896.15,5718.26,1244.43,"Rural"
"136",109.14817,1.14,833.63,7559.89,7506.92,"Suburban"
"137",81.8093,1.77,1898.55,5421,8546.77,"Rural"
"138",66.96664,1.58,2435.65,3047.51,2320.2,"Suburban"
"139",85.65638,1.98,2124.05,7306.9,5640.77,"Suburban"
"140",138.41161,2,2702.7,6900.43,8339.5,"Urban"
"141",12.52905,2.18,456.15,3488.54,6760.77,"Urban"
"142",58.26859,2.09,4084.55,2088.14,2751.9,"Urban"
"143",12.94675,1.99,607.24,4088.9,1088.83,"Rural"
"144",23.40669,3.22,4381.28,3799.69,1258.77,"Urban"
"145",54.09632,2.46,2704.25,4660.47,8828.83,"Suburban"
"146",158.18403,0.98,2900.32,959.71,7033.6,"Suburban"
"147",21.08002,3.2,4525.34,2771.79,1061.91,"Suburban"
"148",31.06107,2.26,1048.11,6144.28,9855.32,"Urban"
"149",41.11921,2.65,3929.05,1724.09,10592.96,"Rural"
"150",10.61798,1.77,300.21,3134.62,5016.4,"Suburban"
"151",9.04269,3.21,2091.26,622.46,11639.8,"Suburban"
"152",64.76106,1.35,1984.14,2057.54,2462.19,"Rural"
"153",252.39315,1.93,4834.61,6585.64,10632.28,"Rural"
"154",69.19185,1.86,3373.27,4755.95,1141.74,"Urban"
"155",36.52169,1.83,4009.24,453.88,7009.16,"Rural"
"156",60.61345,1.68,4382.56,809.06,6658.44,"Urban"
"157",21.99012,3.35,3122.6,1674.91,8268.89,"Rural"
"158",69.15085,1.77,4692.2,1825.21,1446.91,"Suburban"
"159",24.28757,1.43,301.76,5726.34,5363.87,"Urban"
"160",118.68571,1.45,1629.8,7121.59,6040.05,"Urban"
"161",66.92915,2.72,4693.41,6499.35,3846.03,"Rural"
"162",2.94377,3.04,526.1,687.57,11060.62,"Urban"
"163",166.95675,1.63,3572.33,4722.64,6905.17,"Suburban"
"164",3.00057,3.24,339.36,3959.24,1742.96,"Urban"
"165",3.56141,2.06,303,749.94,8987.46,"Urban"
"166",728.76028,1.03,3869.63,7849.69,10060.59,"Rural"
"167",23.48323,2.6,1052.14,7261.34,2822.37,"Suburban"
"168",247.96171,1.33,2763.71,6774.09,5678.72,"Suburban"
"169",23.44686,2.71,2741.34,3736.23,1769.51,"Suburban"
"170",63.75153,2.61,2162.41,7651.46,11414.18,"Urban"
"171",16.2815,3.36,1355.9,7310.77,1998.56,"Rural"
"172",16.1598,3.68,1528.84,5347.32,7397.74,"Rural"
"173",3.86983,3.62,3711.59,276.4,1390.77,"Rural"
"174",16.02247,2.36,1489.81,1315.73,5597.41,"Rural"
"175",134.10261,2.4,4778.81,5318.11,9578.9,"Rural"
"176",58.16923,2.1,1965.5,4191.86,11850.94,"Suburban"
"177",48.54234,1.98,1887.18,4956.02,3237.92,"Suburban"
"178",66.62178,3.3,4764.47,7723.79,4225.31,"Suburban"
"179",101.07502,1.49,1918.23,3186.32,6265.25,"Rural"
"180",24.30419,2,404.51,7538.73,11717.38,"Urban"
"181",22.76516,3.18,4070.47,1239.46,6603.13,"Urban"
"182",5.57148,3.65,1678.39,881.87,5525.66,"Urban"
"183",5.13271,3,2088.53,401.25,3621.84,"Urban"
"184",60.35767,2.26,2381.71,5425.42,3873.45,"Rural"
"185",151.20826,1.88,2959.36,7035.91,10629.95,"Suburban"
"186",32.52512,3.38,4186.11,1941.29,10261.65,"Rural"
"187",52.41708,2.18,2677.72,2976.98,7739.09,"Suburban"
"188",30.44939,2.37,1731.86,2211.57,10382.14,"Urban"
"189",71.40379,1.49,2535.01,2889.44,1540.66,"Urban"
"190",247.50968,1.6,3011.85,7642.49,11998.25,"Urban"
"191",59.7591,1.42,1488.53,1943.76,7706.38,"Urban"
"192",3.74348,3.34,703.47,2182,2455.08,"Suburban"
"193",28.50502,1.85,1739.11,1282.01,7231.03,"Rural"
"194",6.95043,1.91,390.46,1272.75,6134.8,"Suburban"
"195",299.85764,1.27,3213.92,7137.76,7425.41,"Suburban"
"196",199.9143,1.65,3993.17,5482.67,5490.54,"Rural"
"197",10.94576,3.54,1843.85,2022.09,5137.78,"Suburban"
"198",213.6192,1.04,3604.53,1369.2,8179.71,"Urban"
"199",17.6326,2.78,719.05,4724.93,9601.46,"Urban"
"200",99.6006,2.42,4149.12,4327.25,6433.91,"Suburban"
"201",83.93186,1.79,2367.3,3620.83,10896.59,"Urban"
"202",221.34953,1.5,3826.5,4471.2,8668.45,"Urban"
"203",6.59954,1.62,850.74,257.23,3363.02,"Rural"
"204",341.62622,1.14,3469.9,4136.51,11964.41,"Urban"
"205",36.91172,3.61,2254.41,7746.36,9540.47,"Suburban"
"206",3.03908,3.38,593.14,1717.05,2597.47,"Rural"
"207",95.83922,1.66,3319.3,1854.08,11564.62,"Suburban"
"208",32.37311,2.32,1048.34,4885.85,6062.39,"Urban"
"209",48.16068,3.45,3076.06,6585.7,11259.61,"Rural"
"210",74.15209,2.37,2327.48,7172.93,11813.85,"Suburban"
"211",314.5206,0.92,2110.81,6830.36,4712.58,"Suburban"
"212",28.89853,2.94,3084.26,1697.09,11448.39,"Suburban"
"213",70.87279,1.91,3647.56,3498.24,1370.55,"Suburban"
"214",153.37697,1.32,2464.13,4269.87,4846.1,"Urban"
"215",7.09458,2.71,1093.51,945.31,7446.66,"Urban"
"216",244.51602,1.4,4086.17,6948.18,5508.38,"Suburban"
"217",312.29138,1.46,4935.02,4862.43,7785.2,"Rural"
"218",43.51535,3.01,4669.68,2991.16,9219.45,"Suburban"
"219",14.46327,2.03,517.19,3974.06,6703.34,"Urban"
"220",17.4007,3.09,1527.8,3770.73,5796.48,"Suburban"
"221",21.02653,3.57,3123.04,2791.12,4681.6,"Suburban"
"222",212.51339,1.55,3982.87,5053.46,11117.2,"Suburban"
"223",20.73926,2.33,2923.95,492.08,10981.15,"Suburban"
"224",62.05287,3.03,4922.45,3822.66,11852.28,"Urban"
"225",159.84783,2.24,4435.41,7322.73,4605.8,"Rural"
"226",32.99562,3.23,3334.47,3784.17,6417.78,"Rural"
"227",45.5451,2.33,2962.74,4220.54,2587.66,"Rural"
"228",36.37953,2.07,1483.09,3603.98,3531.98,"Rural"
"229",8.65154,3.43,1063.46,2558.14,9681.39,"Urban"
"230",62.04194,2.67,4205.31,2344.99,10045.46,"Suburban"
"231",41.15303,3.37,4433.35,3656.19,10210.97,"Rural"
"232",17.11924,3.07,1582.71,2302.13,8617.74,"Urban"
"233",6.66694,2.56,1113.13,650.35,5358.75,"Rural"
"234",9.41202,3.01,1472.99,1001.13,8141.56,"Suburban"
"235",52.74982,3.6,3789.06,7990.76,7819.13,"Suburban"
"236",89.11095,1.75,2149.57,3974.91,9034.5,"Urban"
"237",47.15467,2.75,3033.28,6171.8,3049.27,"Rural"
"238",201.3685,1.3,3564.95,7295.32,1691.62,"Suburban"
"239",44.39618,1.12,512.01,2240.35,5783.06,"Urban"
"240",23.13203,2.34,1405.61,2207.24,10250.91,"Suburban"
"241",188.04434,1.91,3872.47,7939.02,8362.61,"Rural"
"242",102.44523,2.53,4733.84,7955.93,4618.71,"Urban"
"243",107.28579,1.57,2835.84,5064.44,3251.92,"Urban"
"244",153.42874,1.01,1608.26,2640.95,9698.49,"Urban"
"245",436.88386,0.96,2615.37,5607.05,6451.65,"Rural"
"246",45.00519,3.59,3901.1,6429.64,8603.91,"Urban"
"247",35.66894,2.12,800.47,5958.4,11058.82,"Urban"
"248",107.89055,1.87,2625.6,4489.61,9086.47,"Suburban"
"249",8.91813,3.11,653.34,6581.91,3923.6,"Suburban"
"250",32.32985,3.12,2937.05,4931.78,7124.01,"Urban"
"251",223.28944,1.33,3682.88,4675.54,6699.46,"Urban"
"252",33.32889,1.03,1372.67,644.84,2901.96,"Suburban"
"253",96.80489,1.67,2850.36,3082.05,10530.64,"Urban"
"254",18.15719,3.66,1835.6,6101.89,3814.68,"Urban"
"255",17.58712,1.29,1008.74,591.84,3206.67,"Rural"
"256",13.40868,3.39,3659.23,616.59,10880.05,"Rural"
"257",92.46978,2.07,2807.9,7092.13,6414,"Suburban"
"258",35.43997,3.32,3979.58,3043.94,8757.84,"Urban"
"259",427.0941,1.21,3516.78,6806.96,10924.37,"Suburban"
"260",42.47049,2.44,3666.29,1330.53,10290.81,"Urban"
"261",10.79733,3.6,3636.86,519.96,10850.59,"Suburban"
"262",203.07514,1.57,4394.45,4731.48,9415.25,"Suburban"
"263",54.27669,2.62,3581.43,3627.72,6264.36,"Rural"
"264",89.30087,2.06,4632.86,3316.67,4972.11,"Urban"
"265",37.50898,1.22,1153.49,1089.45,4563.93,"Suburban"
"266",3.88032,3.05,557.89,982.28,7068.09,"Rural"
"267",271.46928,1.35,3612.87,4574.64,5182.4,"Urban"
"268",7.81119,3.04,821.39,2254.99,7344.99,"Urban"
"269",37.63742,3.35,3665.04,4352.03,5901.51,"Rural"
"270",28.94866,3.3,3130.75,2587.33,10463.14,"Suburban"
"271",21.62248,2.15,1920.49,763.97,10053.17,"Rural"
"272",25.15155,1.55,1673.08,1056.08,1808.19,"Urban"
"273",43.05187,2.5,4376.26,1429.7,8435.45,"Rural"
"274",27.93573,1.73,745.9,4336.81,3887.74,"Suburban"
"275",25.55286,3.64,2987.58,3366.54,7455.17,"Urban"
"276",107.10813,2.4,4233.55,5757.3,6119.8,"Urban"
"277",15.35495,2.92,2342.51,1246.79,4848.37,"Suburban"
"278",80.04182,1.46,4659.82,740.77,3435.38,"Urban"
"279",7.80407,3.09,1331.86,1023.41,7016.25,"Rural"
"280",80.63917,1.61,3271.1,2299.68,2208.49,"Urban"
"281",73.30788,2.33,2673.67,6111.44,5071.8,"Rural"
"282",34.68085,1.37,3052.74,373.63,1963.59,"Suburban"
"283",310.03559,1.16,2914.36,5439.75,10050.87,"Suburban"
"284",93.25254,1.57,4221.16,934.62,10030.97,"Urban"
"285",31.63752,2.41,2450.71,2301.68,4110.42,"Urban"
"286",240.62231,1.87,4548.54,6824.94,11018.78,"Urban"
"287",20.20153,3.23,1565.65,3674.94,11204.73,"Urban"
"288",136.70796,1.44,3238.06,2024.18,10508.63,"Urban"
"289",12.44598,3.66,1828.81,2147.22,8445.71,"Rural"
"290",36.08455,2.69,2282.97,2847.15,11983.36,"Suburban"
"291",13.22861,3.51,1839.9,3468.38,3217.55,"Suburban"
"292",11.77977,3.13,1770.59,1675.02,6999.44,"Urban"
"293",299.00242,0.95,2073.06,3130.17,11083.54,"Urban"
"294",253.34205,1.32,2963.97,5104.79,6613.1,"Urban"
"295",60.25799,2.15,2309.63,3602.18,11411.11,"Rural"
"296",5.85634,3.49,2722.6,283.45,8522.49,"Rural"
"297",165.96097,1.43,1748.37,6390.5,9007.46,"Rural"
"298",44.94505,2.84,4060.37,2876.68,10957.39,"Suburban"
"299",25.00041,2.19,2084.45,2450.05,1528.28,"Urban"
"300",31.48629,2.61,2620.83,5223.18,1989.28,"Suburban"
"301",26.72231,3.41,2575.22,4888.05,6066.81,"Suburban"
"302",361.97452,1.13,3607.44,5513.82,3067.29,"Rural"
"303",72.49995,2.67,4496.02,5581.73,3582.27,"Suburban"
"304",52.22693,3.7,4323.89,5276.54,9734.68,"Rural"
"305",122.74479,2.54,4388.1,7685.64,6643.82,"Suburban"
"306",23.42151,3.08,1662.12,6746.99,4900.74,"Suburban"
"307",152.44314,1.15,2926.83,2305.62,6220.02,"Rural"
"308",54.31366,1.91,4040.82,711.28,11859.65,"Suburban"
"309",108.66129,2.43,4836.53,6223.69,6859.05,"Rural"
"310",95.91614,2.35,4586.73,6525.36,3623.99,"Rural"
"311",65.80273,2.26,3159.65,7654.01,1982.99,"Urban"
"312",16.52607,2.94,1371.43,2976.75,10764.92,"Urban"
"313",26.21024,3.69,2696.47,7429.88,4874.98,"Urban"
"314",19.8007,2.73,1273.12,3176.41,9602.31,"Rural"
"315",13.36886,3.31,1287.3,2390.66,11968.57,"Rural"
"316",3.76888,2.9,577.35,1714.3,2077.83,"Urban"
"317",79.29195,2.08,2511.4,5710.44,4480.43,"Urban"
"318",68.96068,1.81,3353.13,1823.01,3703.9,"Suburban"
"319",13.92467,3.63,2439.9,1377.28,8210.6,"Urban"
"320",29.59416,2.63,4911.65,733.94,7398.75,"Suburban"
"321",70.25361,1.84,2838.7,4461.74,1916.86,"Urban"
"322",32.56847,2.87,3410.25,3603.5,4374.77,"Rural"
"323",10.6716,2.87,651.19,3911.53,8568.3,"Suburban"
"324",141.17859,2.08,3935.44,7551.88,5703.34,"Rural"
"325",31.40493,1.74,1087.02,5363.32,1510.18,"Urban"
"326",51.16665,2,2909.42,2502.57,3519.3,"Suburban"
"327",37.12405,3.57,4737.3,6960.47,1572.9,"Rural"
"328",44.8169,3.57,3760.06,6425.02,9289.04,"Urban"
"329",13.50215,3.7,2150.51,2547.34,7857.3,"Suburban"
"330",163.12076,1.37,4084.35,4121.62,1707.93,"Urban"
"331",93.56337,2.49,3211.38,7187.53,7433.91,"Rural"
"332",43.90421,2.1,3299.75,1783.63,3885.03,"Rural"
"333",23.32829,3.22,1321.56,5874.92,9105.76,"Urban"
"334",103.54253,2.16,4522.92,5947.16,2586.41,"Suburban"
"335",9.37572,3.47,3387.79,1009.01,2008.8,"Urban"
"336",506.58978,1.16,4550.5,5659.14,11263.09,"Rural"
"337",22.50736,3.14,3680.46,2595.63,2142.11,"Urban"
"338",15.9829,3.48,1135.2,6827.79,6211.68,"Suburban"
"339",61.58724,1.25,452.78,6548.29,7179.71,"Urban"
"340",95.72167,2.47,4775.55,7321.9,2619.96,"Suburban"
"341",40.09404,2.8,4997.46,2039.41,4021.14,"Urban"
"342",23.5099,2.47,1250.81,4448.46,2846.73,"Suburban"
"343",109.836,2.09,4075.78,3253.88,9399.56,"Urban"
"344",102.27281,1.93,4556.23,6336.87,1089.45,"Suburban"
"345",47.63149,2.92,2773.88,7210.85,4140.72,"Suburban"
"346",109.52229,1.17,1223.58,4612.02,7010.91,"Urban"
"347",30.28689,2.42,1019.39,5799.41,11644.12,"Urban"
"348",16.30917,2.96,989.36,5235.97,8286.15,"Urban"
"349",23.44171,3.41,4510.82,1133.53,9317.58,"Suburban"
"350",70.74262,2.6,4560.78,3910.33,4034.56,"Urban"
"351",81.75669,1.42,870.71,7983.36,8308.62,"Rural"
"352",196.69913,1.75,4176.28,7175.66,11307.85,"Urban"
"353",168.66346,1.99,4281.91,6309.63,10594.48,"Rural"
"354",108.68725,2.31,4122.54,3219.7,7613.45,"Rural"
"355",9.30914,3.63,1229.82,3907.43,2532.29,"Rural"
"356",173.04736,1.45,2742.49,3740.46,11667.7,"Rural"
"357",98.65021,1.85,3885.78,1851.41,8988.24,"Rural"
"358",25.35777,2.8,2087.23,3985.13,3668.72,"Suburban"
"359",83.16392,2.06,3250.6,3296.44,11048.35,"Urban"
"360",14.00475,2.9,1899.41,2502.57,1564.31,"Suburban"
"361",188.01968,1.44,4733.47,3637.02,3861.41,"Urban"
"362",43.62171,2.58,1655.27,6701.66,10275.94,"Rural"
"363",22.35248,2.78,2134.05,2346.53,7568.76,"Rural"
"364",200.86195,1.53,2891.71,4795.4,8648.94,"Urban"
"365",42.33985,2.82,2454.23,7276.2,3432.27,"Suburban"
"366",18.78465,2.79,911.76,7875.08,5997.76,"Rural"
"367",37.03074,2.17,1787.42,6317.64,3306.91,"Rural"
"368",13.39642,2.68,3440,652,3967.33,"Suburban"
"369",3.39073,2.38,314.57,1013.94,7331.12,"Urban"
"370",20.77266,3.49,3078.88,2691.76,5844.45,"Urban"
"371",7.91868,2.56,1236.69,581.82,5725.92,"Urban"
"372",3.41676,3.13,1144.04,855.89,1078.01,"Suburban"
"373",135.91646,1.19,3295.27,3282.86,1698.87,"Urban"
"374",7.65751,2.33,823.35,1079.49,3507.08,"Urban"
"375",33.03217,3.31,2785.13,5049.72,5082.91,"Urban"
"376",169.29163,1.18,1716.89,5664.29,4128.87,"Rural"
"377",4.6019,3.61,684.55,2794.2,2912.97,"Rural"
"378",292.78174,0.93,2546.57,3664.2,5079.04,"Rural"
"379",60.82533,1.76,3410.9,1340.37,4541.99,"Urban"
"380",215.9029,1.11,3388,2328.21,6507.67,"Suburban"
"381",15.28467,2.36,1206.36,1553.7,8045.17,"Suburban"
"382",235.21501,1.47,3690.91,5335.45,5035.26,"Rural"
"383",146.08035,1.2,1567.18,5344.46,4134.66,"Rural"
"384",9.96132,2.65,1150.45,2410.2,1471.8,"Rural"
"385",48.1358,3.14,2432.8,7720.22,11619.31,"Rural"
"386",42.55629,2.87,3320.21,4482.42,5247.02,"Rural"
"387",22.90106,2.73,1549.97,6245.39,1665.75,"Suburban"
"388",97.80053,1.44,4238.13,2998.18,1142.22,"Rural"
"389",18.32949,3.51,2064.83,3160.28,8678.08,"Rural"
"390",249.36922,1.3,4211.37,3112.37,10456.01,"Suburban"
"391",108.56728,1.65,3770.59,1795.02,11086.62,"Suburban"
"392",113.41063,2.22,4595.25,5163.65,11374.33,"Rural"
"393",193.79233,0.98,1830.15,4728.88,3804.43,"Suburban"
"394",51.32533,2.07,2764.58,1832.95,10970.96,"Urban"
"395",236.64158,1.61,3766.57,6827.41,7912.42,"Urban"
"396",17.09409,3.65,1401.68,5440.72,8491.47,"Suburban"
"397",19.78069,3.16,1349.6,7562.09,4112.3,"Rural"
"398",204.8901,1,3162.86,2355.73,2788.31,"Rural"
"399",21.24622,3.18,1195.23,7753.66,7984.25,"Rural"
"400",32.2443,1.92,2214.55,1291.55,4333.97,"Suburban"
"401",43.99136,3.61,4398.73,5326.06,7854.99,"Rural"
"402",15.92067,1.1,448.77,646.09,7725.88,"Urban"
"403",75.96928,2.42,3325.65,7692.12,3998.15,"Suburban"
"404",105.15067,1.97,2432.36,5703.08,11870.5,"Rural"
"405",162.93049,1.04,957.93,7953.17,4990.61,"Suburban"
"406",23.32348,2.45,1042.2,5184.95,6934.4,"Urban"
"407",46.42384,1.7,852.66,4880.01,9289.12,"Rural"
"408",68.84904,1.46,1232.05,2678,6305.13,"Urban"
"409",60.98837,2.04,3797.9,1478.77,9000.94,"Suburban"
"410",57.66698,3.24,3228.01,7074.83,9561.31,"Urban"
"411",103.98452,2.42,4124.8,5101.5,8251.02,"Rural"
"412",6.90893,2.67,453.51,2222.25,9403.22,"Suburban"
"413",279.60664,0.95,2266.16,7656.94,1780.17,"Suburban"
"414",405.5238,1.09,3793.21,7275.63,4870.93,"Urban"
"415",201.23301,0.92,856.83,7229.74,5857.29,"Rural"
"416",16.00842,2.92,1452.45,4294.88,2734.91,"Rural"
"417",16.77075,2.89,1374.26,2877.27,7935.29,"Urban"
"418",187.49115,1.12,4199.46,2471.3,3304.86,"Rural"
"419",6.42985,3.2,1738.95,717.08,4852.3,"Rural"
"420",39.07833,3.07,3814.2,7652.45,1440.94,"Rural"
"421",196.76773,1.32,4132.17,2713.74,11184.61,"Urban"
"422",40.58278,2.65,3334.63,3735.99,1453.44,"Rural"
"423",469.89843,1.07,3629.22,6054.52,5773.06,"Rural"
"424",68.48234,2.41,4562.33,2662.87,11906.88,"Rural"
"425",26.90476,1.7,804.66,2831.7,9570.69,"Rural"
"426",56.51312,2.37,3467,3698.86,4759.69,"Rural"
"427",20.2714,2.6,2213.02,1385.44,8633.04,"Urban"
"428",6.86374,2.41,1162.62,917.71,1529,"Urban"
"429",3.13694,3.53,939.35,1564.21,1041.12,"Rural"
"430",11.91885,3.06,2515,1201.08,3539.68,"Urban"
"431",19.52439,2.9,1785.01,6289.69,1533.33,"Suburban"
"432",105.73467,1.87,3055.73,5454.46,3330.55,"Urban"
"433",7.00729,3.14,542.34,2849.2,8987.31,"Rural"
"434",18.42354,2.34,4119.25,354.98,5257.06,"Suburban"
"435",11.2253,1.79,657.81,2489.75,1544.1,"Urban"
"436",440.55047,0.92,4293.93,2166.91,9768.56,"Rural"
"437",66.24208,2.87,4640.08,7077.87,2569.61,"Suburban"
"438",29.60276,2.48,3895.42,1112.2,4210.06,"Suburban"
"439",33.84346,3.46,2375.86,7264.6,5173.5,"Rural"
"440",36.88971,2.07,4545.35,1326.43,1080.88,"Rural"
"441",63.77205,2.63,2642.53,7826.33,4223.18,"Rural"
"442",33.00411,3.21,3633.62,3778.64,5490.39,"Suburban"
"443",152.04634,1.49,3161.19,7632.64,1815.86,"Rural"
"444",70.46569,2.77,3956.29,5914.57,5523.9,"Suburban"
"445",578.93141,1.04,4167.8,7809.03,7939.4,"Urban"
"446",1.82687,3.45,406.59,1212.49,5106.74,"Suburban"
"447",125.57069,1.21,3171.43,1262.33,7395.97,"Rural"
"448",95.3238,2.4,3401.64,7009.72,8317.85,"Suburban"
"449",14.5996,3.52,3093.95,1190.01,10228.02,"Rural"
"450",2.93738,3.66,303.58,2764.99,10891.91,"Rural"
"451",165.21914,1.37,2314.28,4923.22,7694.49,"Suburban"
"452",75.58459,2.55,4556.57,5848.48,4578.16,"Suburban"
"453",213.80876,1.3,3605.17,2227.05,11136.46,"Suburban"
"454",17.657,3.29,1725.8,7092.22,3656.34,"Rural"
"455",71.97308,1.47,1525.87,7728.01,1088.34,"Rural"
"456",110.36386,2.12,4914.46,3868.71,4821.37,"Rural"
"457",32.43865,3.13,4651.25,3068.17,2226.59,"Urban"
"458",487.74691,0.94,2314.36,7043.38,8844.06,"Suburban"
"459",72.23546,2.38,3148.88,6177.42,3746.57,"Urban"
"460",70.52217,3.05,3812.82,6120.31,11314.01,"Urban"
"461",63.37334,1.02,844.13,2010.49,5392.57,"Rural"
"462",136.73245,1.46,3219.05,4506.13,3760.47,"Urban"
"463",199.76492,1.01,3822.41,2616.06,2045.1,"Rural"
"464",33.46953,1.57,1430.52,2626.84,1658.06,"Suburban"
"465",374.56978,1.08,4044.96,5845.07,3239.03,"Urban"
"466",113.41953,2.38,3928.55,5846.61,9995.83,"Rural"
"467",59.89508,2.8,3416.49,4846.9,6681.69,"Suburban"
"468",0.60984,3.25,333.15,236.23,1720.72,"Rural"
"469",45.91206,2.53,2693.67,4070.27,7223.9,"Rural"
"470",34.626,3.68,4791.33,4949.21,2240.1,"Urban"
"471",45.79969,2.21,2318.66,4088.06,6547.57,"Rural"
"472",39.61268,3.37,4636.7,3319.26,6530.71,"Urban"
"473",48.3363,3.04,2865.73,7247.25,8671.34,"Suburban"
"474",19.31384,2.81,3756.06,1750.73,2724.72,"Urban"
"475",43.12893,1.8,3474.39,852.77,5248.64,"Suburban"
"476",36.76845,3.02,3435.88,7297.79,2456.11,"Urban"
"477",125.25919,1.38,1380.35,6537.68,7276.09,"Suburban"
"478",45.36704,3.49,4928.18,4666.14,6582.24,"Urban"
"479",454.26013,0.92,2716.23,7898.56,2892.4,"Suburban"
"480",682.65476,0.9,3729.24,7768.08,5660.76,"Suburban"
"481",8.76551,3.23,3928.82,268.88,5089.6,"Urban"
"482",52.45245,2.69,4127.38,2303.67,9802.49,"Urban"
"483",59.64489,1.19,914.4,5838.61,1716.05,"Rural"
"484",36.5645,3.09,4981.75,1849.69,11547.45,"Urban"
"485",470.03903,0.9,4079.72,2396.62,10605.88,"Suburban"
"486",26.25331,3.07,1511.28,7941.24,5078.9,"Urban"
"487",262.93217,1.71,4541.48,6205.92,9969.32,"Rural"
"488",24.56208,2.31,2294.77,2292.58,2159.42,"Rural"
"489",20.72295,3.43,3150.22,2485.25,6340.23,"Suburban"
"490",516.11356,0.96,4523.75,4938.73,5110.44,"Urban"
"491",66.08411,2.2,2160.31,4933.06,7259.64,"Rural"
"492",9.89355,3.52,1696.27,2041.25,4546.08,"Urban"
"493",268.44098,1.35,4721.01,3072.04,9544.98,"Rural"
"494",18.09234,3.38,1909.5,6428.28,2760.46,"Suburban"
"495",110.54537,1.62,2311.25,3927.72,7619.06,"Urban"
"496",19.45655,3.22,2219.22,2387.96,7617.21,"Suburban"
"497",52.60625,2.58,2176.3,7307.85,10653.23,"Urban"
"498",123.10396,1.63,3756.19,3024.21,6362.94,"Urban"
"499",46.99076,3.25,2171.47,7507.02,10670.85,"Urban"
"500",32.5921,3.55,4618.33,5698.63,2143.84,"Rural"
"501",21.33088,2.11,1039.37,2474.59,5648.27,"Urban"
"502",31.43996,3.61,2716.58,4206.51,11090.14,"Suburban"
"503",36.90516,2.78,1876.49,7172.45,9226.04,"Rural"
"504",2.56952,3.55,1094.3,630.53,2753.25,"Urban"
"505",182.65754,1.54,3019.52,6837.63,8066.7,"Rural"
"506",101.2662,2.87,4550.67,7733.07,11164.85,"Suburban"
"507",635.67144,0.95,4575.26,6407.99,3830.27,"Rural"
"508",30.46273,2.59,1918.71,2614.98,10271.22,"Urban"
"509",105.07258,2.6,4067.97,7685.22,6622.7,"Suburban"
"510",235.50418,1,3078.38,2425.72,4170.96,"Suburban"
"511",22.11785,2.78,3728.27,2813.96,1034.37,"Urban"
"512",253.20427,1.21,2790.35,4551.62,11523.22,"Rural"
"513",769.41945,0.94,3954.81,7785.16,10402.97,"Suburban"
"514",12.12352,3.65,842.47,6645.02,10717.17,"Rural"
"515",42.72103,2.11,2029.25,2645.28,10218.72,"Urban"
"516",64.48436,2.24,1669.17,7959.7,5448.21,"Suburban"
"517",28.50745,3.57,3326.18,6862.08,2593.05,"Suburban"
"518",215.21252,1.07,2091.26,2964.62,11618.86,"Urban"
"519",67.19914,2.5,2920.19,6270.42,5358.57,"Suburban"
"520",38.72397,1.49,1782.32,1380.06,5212.86,"Rural"
"521",19.7376,3.66,3327.36,3756.57,2947.94,"Rural"
"522",5.56533,2.87,955.56,2468.71,2302.85,"Suburban"
"523",8.8214,3.15,1443.93,1799.28,4768.17,"Suburban"
"524",97.35807,2.38,4056.43,7059.1,6569.45,"Urban"
"525",230.15857,0.97,1143.83,7902.04,4933.12,"Rural"
"526",24.74894,2.9,2093.02,3585.59,4733.15,"Urban"
"527",18.92542,2.66,3509.15,947.63,4285.06,"Rural"
"528",25.25101,3.39,1366.38,7823.29,10825.75,"Suburban"
"529",277.4743,0.93,4531,1120.57,7925.44,"Urban"
"530",28.49723,2.42,1009.39,4605.91,10155.55,"Rural"
"531",179.05496,1.25,2888.98,4243.57,3240.29,"Rural"
"532",80.36336,1.68,1315.78,4135.32,11498.18,"Urban"
"533",50.70883,2.63,3993.77,7199.86,1052.99,"Urban"
"534",73.16441,2.07,2974.85,5608.48,1738.21,"Suburban"
"535",10.17175,2.54,340.57,6707.6,6422.46,"Suburban"
"536",89.80283,1.76,3270.09,3318.46,4193.12,"Urban"
"537",367.29209,1.32,4156.63,7269.32,9123.51,"Suburban"
"538",80.88957,2.46,3234.95,4900.92,10991.94,"Urban"
"539",9.17069,2.6,516.43,2065.75,10801.35,"Rural"
"540",438.82943,1.05,4818.34,2363.28,10582.22,"Suburban"
"541",30.99645,2.81,1702.17,5151.2,8224,"Suburban"
"542",33.95072,2.88,2636.63,2876.51,7901.28,"Urban"
"543",52.47035,1.09,1361.82,583.57,9669.85,"Rural"
"544",4.83777,3.57,1941.77,716.43,1610.32,"Urban"
"545",35.89028,2.05,2996.05,1740.82,2453.08,"Suburban"
"546",49.99435,1.5,1207.83,1608.32,11922.35,"Suburban"
"547",68.35595,2.74,3284.72,7510.51,7467.37,"Suburban"
"548",85.14963,1.19,2322.88,2389.94,1778.76,"Rural"
"549",56.70748,2.27,1643.63,7521.98,5695.41,"Suburban"
"550",15.55157,3.24,1304.86,7217.23,2645.46,"Suburban"
"551",71.22026,2.69,3744.32,5962.16,9398.01,"Urban"
"552",144.26799,2.07,3881.81,7456.82,8107.03,"Suburban"
"553",60.65151,1.37,2983.1,589.23,11898.65,"Urban"
"554",27.34237,3.38,2683.66,3270.11,10137.33,"Rural"
"555",33.07019,2.39,4961.09,1248.44,5515.65,"Urban"
"556",34.4137,3.53,4021.13,5534.33,3526.16,"Suburban"
"557",29.46867,1.66,1507.11,1239.57,3593.54,"Urban"
"558",47.28985,2.48,3606.41,2173,7740.29,"Rural"
"559",206.67627,1.23,2605.83,4307,11598,"Urban"
"560",98.65075,2.03,4445.61,7927.77,1048.73,"Suburban"
"561",9.99353,3.28,4417.13,606.86,3093.39,"Urban"
"562",291.38212,0.97,3477.09,2786.43,2119.85,"Suburban"
"563",71.53283,2.54,3689.59,3706.17,7294.25,"Suburban"
"564",78.78822,1.67,1179.95,7172.97,5627.83,"Suburban"
"565",36.04169,3.45,4242.7,7100.92,2128.48,"Urban"
"566",91.40407,1.35,4214.52,692.04,5915.74,"Rural"
"567",45.18739,2.73,4034.21,1836.75,9636.79,"Urban"
"568",44.847,1.77,1594.03,2985.26,4733.73,"Urban"
"569",18.51431,2.63,1829.62,905,11973.92,"Rural"
"570",186.66971,1.24,2750.36,6040.18,1845.74,"Rural"
"571",259.895,1.55,3993.28,7361.28,10084.8,"Suburban"
"572",23.43148,2.83,2729.9,2013.28,3721.19,"Urban"
"573",33.537,2.69,1583.45,6051.02,11614.55,"Suburban"
"574",65.16495,2.58,2763.5,7943.04,3434.6,"Urban"
"575",144.07344,1.19,1142.49,6567.8,8458.57,"Rural"
"576",24.51676,3.17,1415.07,7008.42,11882.09,"Rural"
"577",25.78435,3.29,1902.12,5073.6,8150.33,"Rural"
"578",64.93774,1.59,944.49,4920.86,9283.61,"Rural"
"579",44.14552,1.66,1086.6,4626.46,5528.47,"Rural"
"580",60.55167,1.36,1452.69,2408.44,6897.14,"Rural"
"581",34.69106,3.39,4571.19,2261.54,8492.62,"Urban"
"582",13.24032,3.63,2125.98,1816.27,11360.01,"Urban"
"583",75.68795,1.86,3492.11,1851.98,10568.82,"Suburban"
"584",57.6781,2.03,1255.11,7289.36,11523,"Rural"
"585",14.42347,3.43,4327.28,1582.93,2250.54,"Urban"
"586",64.39249,1.76,2425.25,2412.36,4552.7,"Rural"
"587",4.10762,3.65,1373.76,484.11,9632.58,"Urban"
"588",8.49431,3.15,877.69,5087.86,2978.68,"Suburban"
"589",6.27754,3.38,1121.88,2944.18,1640.08,"Rural"
"590",65.49757,1.74,1414.4,5545.92,6690.18,"Urban"
"591",92.24682,2.45,3729.11,7909.23,5828.22,"Suburban"
"592",19.56846,3.01,770.34,7767.7,10603.68,"Urban"
"593",246.96837,1.32,2365.5,6221.47,9371.02,"Suburban"
"594",9.77987,3.65,3111.18,693.54,7710.73,"Urban"
"595",56.85677,1.76,2598.68,1850.04,5965.71,"Rural"
"596",54.96909,2.77,4883.59,2593.5,10770.79,"Rural"
"597",95.68428,2.56,3983.23,7245.78,9544.88,"Urban"
"598",106.32357,1.75,3916.16,2637.5,8034.15,"Suburban"
"599",5.77031,2.76,906.68,1120.58,4498.94,"Urban"
"600",29.32212,3.22,2481.01,7613.8,1534.95,"Suburban"
"601",73.15557,1.73,4584.64,1421.04,3994.16,"Rural"
"602",16.50945,3.66,2594.05,2878.22,5503.17,"Rural"
"603",27.69968,2.65,1475.82,3573.99,7002.55,"Urban"
"604",241.12369,1.37,4835.01,6871.98,1708.64,"Suburban"
"605",203.47671,0.97,3528.61,960.83,11013.5,"Urban"
"606",20.79616,2.8,1302.51,5492.26,4269.43,"Suburban"
"607",98.14863,2.24,3965.47,5043.59,10411.15,"Suburban"
"608",14.47112,2.84,2102.99,1479.06,9291.27,"Rural"
"609",26.65076,2.74,3554.56,869.89,11631.77,"Suburban"
"610",20.56614,2.93,3793.83,1301.66,3704.46,"Urban"
"611",33.4117,3.31,2372.61,7344.15,11917.54,"Rural"
"612",17.27722,3.3,2274.75,2509.78,9695.33,"Suburban"
"613",21.61886,2.28,2145.61,1128.84,5730.76,"Urban"
"614",151.43604,1.85,3663.42,4595.57,10359.92,"Urban"
"615",9.49775,1.92,482.59,1382.13,6640.03,"Suburban"
"616",117.72465,1,1601.75,3939.93,1727.5,"Urban"
"617",9.41767,2.34,3754.86,308.95,1056.17,"Suburban"
"618",49.48274,2.71,3260.21,6480.12,3612.01,"Rural"
"619",37.89699,2.88,4408.37,1674.12,11474.62,"Rural"
"620",14.26516,3.69,2989.85,1105.97,9743.12,"Suburban"
"621",26.46368,2.11,725.17,7038.58,6670.6,"Urban"
"622",41.05063,2.89,3212.67,3583.25,9980.19,"Urban"
"623",80.3699,2.1,2916.78,4362.9,11963.25,"Rural"
"624",172.54155,1.39,2233.27,7645.42,4729.75,"Urban"
"625",38.01982,2.15,1754.36,5824.79,1652.95,"Rural"
"626",41.99908,0.94,428.41,2200.56,5516.02,"Suburban"
"627",30.45589,1.8,3561.93,386.2,7132.71,"Rural"
"628",59.12207,2.4,4777.11,2463.19,3010.42,"Suburban"
"629",259.0631,1.3,2222.1,7151.8,7036.98,"Rural"
"630",160.92499,1.26,2403.32,3587.33,11508.66,"Suburban"
"631",44.32365,3.59,4127.53,7769.33,4223.66,"Suburban"
"632",25.40065,2.99,3207.97,1541.04,6432.45,"Suburban"
"633",19.72553,3.35,4193.37,3038.91,1264.87,"Urban"
"634",48.31458,2.2,1241.63,6026.14,10978.45,"Urban"
"635",436.28445,0.91,3163.19,7502.16,1774.34,"Suburban"
"636",262.861,1.41,4373.32,5859.27,4434.7,"Urban"
"637",21.84161,2.9,4760.98,815.12,8116.47,"Urban"
"638",51.54986,2.8,4088.34,7078.48,2001.15,"Urban"
"639",216.5792,1.08,1510.84,5218.82,11423.61,"Rural"
"640",479.3386,1,3998.65,3766.75,8821.48,"Suburban"
"641",167.47075,1.4,1816.55,7308.71,11277.45,"Urban"
"642",19.34389,3.45,3169.38,2723.9,2657.55,"Urban"
"643",17.60305,3.6,2502.42,3418.31,7994.02,"Rural"
"644",225.75111,0.9,1725.5,2448.27,8453.56,"Suburban"
"645",13.47201,3.59,3126.98,865.98,10664.54,"Urban"
"646",87.79727,2.27,4394.74,6404.02,1944.38,"Rural"
"647",8.32192,2.37,1122.59,493.61,9904.77,"Suburban"
"648",37.05139,2.35,2021.73,3638.19,6435.95,"Urban"
"649",55.66027,1.53,1077.55,4466.08,6871.78,"Urban"
"650",32.54934,3.48,3762.4,5742.68,5700.63,"Suburban"
"651",24.99822,3.6,4139.12,3775.7,1923.7,"Suburban"
"652",43.99191,1.19,573.91,7201.02,1384.59,"Urban"
"653",54.15357,2.16,4429.69,1217.71,8288.77,"Rural"
"654",18.84535,2.13,662.52,2784.54,10476.97,"Suburban"
"655",41.38225,3.49,2964.4,7014.94,11396.43,"Suburban"
"656",64.91998,2.08,2429,4539.98,5397.91,"Suburban"
"657",72.96375,2.86,3325.07,5971.12,11649.66,"Suburban"
"658",23.669,2.27,3931.55,407.68,9183.44,"Suburban"
"659",62.35556,2,2170.04,6220.36,4088.42,"Urban"
"660",6.88441,3.24,1518.46,1812.81,1690.21,"Suburban"
"661",194.34636,1.2,3942.75,1694.28,10712.12,"Rural"
"662",20.84203,2.87,2283.96,2493.43,9191.6,"Rural"
"663",41.8901,3.38,4307.8,4011.63,7544.16,"Suburban"
"664",67.44459,2.88,3447.68,7451.51,5081.63,"Rural"
"665",86.47216,2.08,3618.52,4265.91,6974.88,"Suburban"
"666",38.5282,1.55,1008.08,3040.61,4819.22,"Suburban"
"667",21.58614,2.89,1387.96,4077.33,11631.01,"Suburban"
"668",177.18418,1.56,3860.28,6992.48,1741.9,"Urban"
"669",23.84901,2.07,2153.53,861.15,4956.63,"Suburban"
"670",16.14944,1.95,1997.6,471.65,4984.04,"Urban"
"671",58.8195,2.34,1874.79,6896.01,10873.59,"Urban"
"672",97.86272,1.38,1421.46,5759.79,4835.13,"Rural"
"673",30.15298,3.24,3125.99,4306.82,3957.88,"Urban"
"674",84.56011,2,3824.42,3618.58,6405.6,"Suburban"
"675",296.69043,1.19,1875.4,7559.05,10282.66,"Urban"
"676",25.4937,3.31,2141.84,5094.41,4623.91,"Urban"
"677",6.87868,3.63,4417.47,388.01,2409.84,"Suburban"
"678",19.3188,2.21,497.56,6303.39,9386.75,"Suburban"
"679",46.46418,2.81,4432.23,6809.18,1839.01,"Suburban"
"680",8.79913,3.33,903.55,6280.55,2078.02,"Suburban"
"681",473.13832,1.12,4168.3,7032.43,3651.01,"Urban"
"682",347.66576,1.41,4886.98,6253.22,11672.03,"Urban"
"683",62.29061,2.13,2857.52,5569.88,3480.13,"Rural"
"684",45.01861,2.06,2242.5,2486.83,7611.5,"Urban"
"685",21.45141,3.48,2266.66,4353.13,4234.53,"Urban"
"686",123.44091,1.39,1822.59,3719.76,10617.67,"Urban"
"687",46.27315,2.08,1376.3,5724.05,6318.34,"Urban"
"688",590.94299,1.11,4805.98,7924.59,3261.21,"Suburban"
"689",55.91216,1.83,1093.12,7723.05,3613.38,"Suburban"
"690",41.16843,2.55,4775.81,1063.63,8674.78,"Suburban"
"691",69.322,2.83,4552.15,6302.01,5995.23,"Suburban"
"692",59.78329,2.83,4764.23,7006.53,2913.37,"Urban"
"693",124.23061,2.15,3785.16,6965.57,8974.33,"Suburban"
"694",107.87337,2.18,2755.03,7120.09,10994.2,"Rural"
"695",28.76084,3.12,3114.66,1838.75,9738.63,"Suburban"
"696",12.92239,2.51,2183.47,597.74,6644.34,"Urban"
"697",35.18796,2.62,1929.21,3412.07,11775.88,"Rural"
"698",39.18957,2.66,4895.7,1558.44,4944.96,"Urban"
"699",229.24594,1.18,2352.95,5087.84,9275.74,"Rural"
"700",18.93221,3.61,1936.22,3644.88,10568.34,"Rural"
"701",11.39527,2.43,360.02,7244.56,5027.1,"Suburban"
"702",80.17552,2.72,4192.72,7170.2,3825.86,"Rural"
"703",24.39611,2.23,1998.76,3433.36,1278.94,"Rural"
"704",69.75789,2.8,4263.68,3758.76,11843.74,"Rural"
"705",40.4188,2.58,1376.35,7570.77,7351.88,"Suburban"
"706",18.69409,3.5,2144.63,2679,9401.15,"Suburban"
"707",230.63761,1.44,3952.46,4794.23,11814.14,"Urban"
"708",104.56516,1.79,2152.83,7088.93,4775.41,"Urban"
"709",58.68605,1.54,972.33,5262.79,7546.7,"Urban"
"710",245.1921,1.26,4037.67,3937.29,4355.74,"Suburban"
"711",6.50927,3.12,405.25,6009.48,6702.36,"Suburban"
"712",53.9605,2.24,4588.94,1272.15,11441.45,"Urban"
"713",30.77558,1.54,352.81,7010.13,8791.03,"Suburban"
"714",40.86078,2.17,1509.97,4802.96,8790.62,"Urban"
"715",50.83983,1.2,1933.34,901.42,4884.37,"Urban"
"716",91.25545,2.19,2903.84,5931.45,6116.39,"Urban"
"717",12.27502,2.03,741.98,1391.07,9242.59,"Urban"
"718",57.25424,3.21,4287.83,7561.68,4953.81,"Rural"
"719",3.02129,3.31,355.5,3274.25,3336.67,"Urban"
"720",11.55043,2.95,1571.81,1429.74,7663.44,"Suburban"
"721",109.75639,1.68,2257.23,5585.34,7759.67,"Suburban"
"722",38.76985,3.59,3142.86,7641.99,9443.66,"Rural"
"723",81.14264,2.58,4054.1,6472.63,8051.12,"Urban"
"724",74.14189,1.97,4695.49,1252.27,6279.71,"Suburban"
"725",620.33273,1.02,3334.19,7420.21,11806.55,"Suburban"
"726",52.75769,3.29,2867.71,7003.05,11455.13,"Suburban"
"727",25.57803,2.9,2157.73,3234.09,9007.17,"Urban"
"728",18.10688,3.68,3852.62,1443.27,8595.27,"Rural"
"729",10.65096,1.52,495.61,1351.87,1747.77,"Suburban"
"730",18.38864,2.67,737.05,6769.55,9914.13,"Rural"
"731",17.39017,3.3,3163.33,1823.2,3492.24,"Urban"
"732",68.04734,2.58,2598.35,6731.31,11452.41,"Rural"
"733",90.57344,2.78,4475.74,6584.29,4939.1,"Rural"
"734",474.02055,1.09,2862.98,7295.18,10618.8,"Urban"
"735",36.35471,3.07,4353.28,2221.05,6467.3,"Urban"
"736",17.44274,2.76,1933.78,1841.67,7655.32,"Rural"
"737",41.94574,2.49,2941.35,2601.28,7472.76,"Urban"
"738",5.87554,2.75,339.49,3932.65,5549.43,"Suburban"
"739",5.58343,3.66,1451.55,1117.34,8009.65,"Rural"
"740",77.1996,1.67,1137.37,5294,8826.01,"Urban"
"741",23.79662,3.55,3054.99,5932.88,1575.33,"Rural"
"742",83.47439,1.44,1469.43,5400.27,2592.01,"Rural"
"743",489.52657,1.15,4894.12,4703.52,10958.15,"Suburban"
"744",60.74564,3,4196.78,4114.12,7543.96,"Rural"
"745",63.043,2.71,2979.76,7464.72,5064.87,"Rural"
"746",17.35304,3.4,1991.1,3422.03,5042.26,"Suburban"
"747",305.69815,0.93,4323.79,1897.75,4648.91,"Rural"
"748",12.23503,3.47,1762.57,1983.68,5885.77,"Suburban"
"749",3.38773,2.64,794.98,453.44,4069.45,"Suburban"
"750",8.97197,2.67,1025.1,1214.58,4825.23,"Urban"
"751",82.18109,2.26,4816,5527.4,2585.77,"Rural"
"752",63.3372,2.41,4746.49,2049.41,7325.97,"Rural"
"753",27.05359,3.04,2248.25,3671.42,9109.84,"Rural"
"754",22.55985,3.5,1563.38,7740.8,7408.02,"Urban"
"755",79.61241,2.09,3827.86,5320.62,1966.14,"Suburban"
"756",15.63286,2.82,1007.1,6715.14,2647.81,"Urban"
"757",61.4699,1.88,2119.84,2735.49,10477.03,"Rural"
"758",38.79823,2.45,1155.59,7050.18,9823.19,"Rural"
"759",10.74111,3.09,1744.57,1955.22,3608.25,"Rural"
"760",46.19426,2.19,3514.41,3181.6,1188.95,"Urban"
"761",67.60797,3.34,3963.55,7908.59,6923.72,"Suburban"
"762",3.86602,3.29,700.13,1887,3325.01,"Rural"
"763",112.77691,1.6,4334.75,2171.76,5233.42,"Rural"
"764",104.45012,1.49,2742.7,6437.21,1442.91,"Rural"
"765",20.55874,2.23,1555.37,1141.35,8370.48,"Rural"
"766",24.13294,3.27,1821.95,3040.65,10683.1,"Urban"
"767",15.06718,2.04,669.6,3272.17,2761.56,"Rural"
"768",18.65792,3.42,2416.33,2952.95,8102.54,"Suburban"
"769",35.17169,2.45,4805.9,959.84,5975.9,"Suburban"
"770",55.62266,2.75,4396.92,2547.56,10767.22,"Suburban"
"771",83.07213,2.74,3478.73,7737.33,9023.91,"Rural"
"772",67.20669,1.72,1651.88,3867.71,5019.3,"Rural"
"773",24.54484,3.66,3037.13,4404.58,4230.46,"Rural"
"774",43.17032,2.02,1848.12,1849.91,11272.32,"Suburban"
"775",379.49765,1.21,4596.55,4623.63,6302.44,"Urban"
"776",81.04517,2.54,2641.11,7786.87,7663.93,"Urban"
"777",11.73201,1.91,468.28,2055.88,4513.54,"Suburban"
"778",133.94531,1.91,4824.47,2828.15,8236.3,"Rural"
"779",67.658,0.92,1448.28,643.45,3249.07,"Suburban"
"780",11.11034,2.92,643.75,6074.32,3563.27,"Suburban"
"781",30.47741,3.5,2405.8,7006.49,4073.51,"Suburban"
"782",12.33699,2.49,428.92,6351.36,4101.77,"Rural"
"783",60.69646,3.68,4083.74,7267.13,11935.09,"Urban"
"784",50.80417,1.66,1966.14,1728.78,8108.08,"Rural"
"785",62.45601,1.03,506.75,6485.96,2407.31,"Urban"
"786",21.80326,2.51,3461.6,707.55,10834.92,"Urban"
"787",44.65356,2.13,1399.48,6585.46,8881.27,"Suburban"
"788",22.6155,2.8,4775.95,690.02,6772.79,"Rural"
"789",106.37132,1.26,2876,1762.45,3909.38,"Rural"
"790",3.17798,3.34,770.81,898.63,2789.35,"Suburban"
"791",27.14035,3.27,1740.11,5643.98,8624.26,"Suburban"
"792",83.71898,1.73,1710.71,7718.32,3332.7,"Urban"
"793",20.02419,3.02,3028.27,1455.93,7188.33,"Urban"
"794",14.6524,1.91,885.57,2490.22,1279.46,"Urban"
"795",12.93133,2.29,971.9,1124.03,9972.52,"Urban"
"796",20.34711,2.57,702.05,4667.13,11614.48,"Suburban"
"797",19.80263,3.56,2085.37,3080.21,11759.9,"Suburban"
"798",23.8386,1.72,429.87,4200.01,5323.2,"Urban"
"799",58.75384,3.57,4583.19,7246.26,7094.45,"Suburban"
"800",122.63499,1.01,2721.24,920.9,9769.57,"Suburban"
"801",19.40155,2.23,1481.03,1283.28,9914.27,"Rural"
"802",56.54666,1.16,352.11,6739.81,9357.67,"Urban"
"803",23.01201,3.11,2435.5,2313.62,11795.96,"Urban"
"804",182.21908,1.11,2790.01,2669.8,6593.1,"Urban"
"805",25.01431,3.14,4623.84,1113.64,5105.48,"Rural"
"806",32.78044,1.53,1156.79,3995.66,1139.85,"Urban"
"807",10.86001,2.99,2564.63,495.82,6865.52,"Suburban"
"808",25.43205,2.82,1836.03,6639.1,1737.38,"Rural"
"809",164.95698,1.32,3538.42,4708.08,1687.76,"Urban"
"810",46.03965,1.87,1245.26,3579.61,7750.68,"Rural"
"811",106.62214,1.58,1559.7,6176.88,5010.91,"Rural"
"812",101.15,1.74,1619.62,7990.69,11900.99,"Suburban"
"813",12.52605,1.98,859.73,1852.91,1528.03,"Suburban"
"814",137.93948,1.39,4022.98,1784.18,6447.31,"Rural"
"815",27.98478,3.46,3206.26,5296.81,4093.63,"Suburban"
"816",43.00876,1.62,1135.55,3541.8,3620.68,"Suburban"
"817",29.68006,2.56,1768.46,5187.02,3248.58,"Urban"
"818",400.3903,1.05,2641.6,5615.01,10823.58,"Urban"
"819",117.43196,1.59,3059.17,6349.57,1828.82,"Urban"
"820",8.70264,2.8,432.34,4895.05,5725.93,"Rural"
"821",38.19901,1.98,2587.47,1406.16,4715.93,"Rural"
"822",253.2884,1.45,2949.35,7419.38,6597.94,"Urban"
"823",33.06711,2.76,2363.32,5004.23,5216.55,"Suburban"
"824",21.42044,3.63,3399.71,2340.15,3868.7,"Rural"
"825",24.53815,3.11,2724.26,3567.43,7340.83,"Rural"
"826",118.00964,1.47,1593.15,5506.36,11874.92,"Urban"
"827",2.79313,2.72,539.47,521.3,4324.62,"Suburban"
"828",5.11226,3.09,728.8,1068.19,11938.29,"Suburban"
"829",9.43761,2.92,532.08,5935.9,3797.13,"Rural"
"830",190.51253,1.1,4121.99,2143.88,3619.61,"Rural"
"831",797.74339,0.94,4480.35,7400.49,7738.34,"Rural"
"832",29.91365,3.55,3619.16,3810.44,5996.07,"Urban"
"833",29.78396,3.61,2703,6000.96,8254.38,"Urban"
"834",37.43,3.14,4106.24,5803.38,4849.7,"Urban"
"835",43.54038,1.66,1313.37,4100.62,2927.82,"Rural"
"836",16.0292,1.87,2604.51,286.22,5797.87,"Suburban"
"837",70.99975,2.45,4607.22,5597.68,2691.27,"Suburban"
"838",130.55648,1,2118.1,2072.89,1858.61,"Urban"
"839",60.0068,2.26,2264.1,5756.75,7817.9,"Urban"
"840",107.25506,2.08,4323.62,6759.39,2927.28,"Rural"
"841",136.15249,1.62,2137.17,4987.89,10415.03,"Rural"
"842",9.50343,3.45,1536.47,1272.82,9250.73,"Urban"
"843",34.2983,3.43,4533.23,2773.98,10144.28,"Rural"
"844",129.76908,1.37,4544.33,2561.62,1735.67,"Rural"
"845",107.30681,1.82,3316.19,2279.65,11953.36,"Urban"
"846",46.5045,2.91,2193.38,4735.83,9966.57,"Rural"
"847",15.99579,3.2,3407.41,1287.58,3947.61,"Rural"
"848",98.12441,1.37,4715.48,1631.4,1106.56,"Rural"
"849",119.54556,2.58,4395.43,6333.92,10466.57,"Rural"
"850",2.57742,3.3,327.3,3907.72,1414.76,"Suburban"
"851",72.89966,2.98,4133.44,6981.18,8227.9,"Urban"
"852",40.51444,2.41,2432.88,5835.71,2460.81,"Urban"
"853",18.5158,2.64,3128.88,1108.23,2811.05,"Urban"
"854",218.47331,1.03,4526.13,1052.79,6024.16,"Suburban"
"855",85.32388,1.3,2867.48,1756.38,2873.78,"Rural"
"856",22.33685,3.57,3268.54,5701.71,1219.13,"Suburban"
"857",127.26979,2.03,4130.86,4140.83,10139.05,"Suburban"
"858",9.49979,2.48,1014.18,1090.26,5745.95,"Urban"
"859",118.5613,1.35,4948.05,915.95,8140.81,"Urban"
"860",7.69951,3.17,3185.1,439.68,2115.78,"Rural"
"861",22.31088,1.91,2102.13,787.15,4191.74,"Suburban"
"862",48.84887,3.45,4385.05,7498.38,5005.3,"Suburban"
"863",33.27594,2.41,3105.87,3347.49,2350.68,"Rural"
"864",33.80085,1.31,1085.19,1016.4,6237.08,"Rural"
"865",37.50259,2.51,2764.66,3891.28,4416.03,"Urban"
"866",83.08447,3.28,4758.53,7614.43,10528.82,"Urban"
"867",28.87378,1.47,745.23,5040.86,1744.71,"Rural"
"868",37.56807,3.63,4259.48,3581.46,9105.11,"Suburban"
"869",22.78064,2.42,1455.94,2874.4,6612.92,"Suburban"
"870",42.53167,2.55,2617.05,6894.16,1465.15,"Suburban"
"871",16.06804,2.43,948.11,3019.41,3956.43,"Suburban"
"872",6.99738,3.63,672.72,7211.88,2602.76,"Suburban"
"873",181.93451,1.33,3335.42,4264.37,2441.1,"Suburban"
"874",14.62808,2.25,593.45,3677.65,6713.59,"Urban"
"875",30.19604,2.92,3067.59,1871.99,8374.02,"Suburban"
"876",141.46342,1.3,4224.32,2648.05,2869.59,"Rural"
"877",6.34946,3.04,898.19,751.37,10660.14,"Urban"
"878",12.07004,3.39,3513.29,1673.36,1454.83,"Suburban"
"879",144.7972,1.65,4713.97,2094.87,10349.86,"Rural"
"880",5.98685,3.43,630.87,3904.71,5336.94,"Suburban"
"881",98.14403,2.59,4816.04,5027.86,10963.74,"Rural"
"882",36.21114,1.16,441.03,7228.79,1216.52,"Rural"
"883",182.43009,1.54,4893.81,2574.57,10573.5,"Suburban"
"884",50.05148,1.85,3243.84,1693.33,2797.67,"Rural"
"885",58.71316,2.59,3950.18,3163.54,11101.65,"Rural"
"886",6.43635,2.99,2104.28,786.73,1146.67,"Rural"
"887",19.80729,1.4,3075.87,232.25,1525.83,"Rural"
"888",42.52065,2.64,3825.68,2832.96,3388.51,"Suburban"
"889",58.6552,2.84,4008.61,7421.84,3737.87,"Suburban"
"890",46.99757,2.06,4722.69,1334.87,1857.61,"Suburban"
"891",41.9773,3.49,4242.89,5224.23,11257.07,"Urban"
"892",83.57611,2.36,4231.02,3727.14,9602.31,"Rural"
"893",156.19767,1.87,4071.12,4252.7,8792.07,"Urban"
"894",282.64267,1.46,4451.47,6577.99,7439.02,"Suburban"
"895",35.13344,2.25,2753.89,1928.96,3371.55,"Urban"
"896",103.88452,2.24,4298.02,7187.95,4089.38,"Urban"
"897",37.75259,2.11,811.89,7556.15,10265.42,"Rural"
"898",67.38198,1.11,2140.05,688.69,9193.07,"Rural"
"899",344.85884,1.15,4832.04,6653.07,3021.28,"Rural"
"900",73.1986,2.29,4861.67,2798.65,3843.23,"Urban"
"901",11.73663,2.05,1232.56,1154.97,2181.68,"Urban"
"902",73.81771,2.65,3021.82,6660.54,9921.31,"Urban"
"903",2.56757,2.66,382.4,1144.58,2765.86,"Rural"
"904",22.47441,2.68,1441.74,3169.58,8506.27,"Rural"
"905",15.03458,3.5,3223.51,1162.03,9715.83,"Suburban"
"906",70.4584,2.06,3468.14,6376.5,1431.41,"Suburban"
"907",14.69097,3.65,3160.44,2977.98,1352.07,"Rural"
"908",101.41554,1.98,3818.97,4400.56,5082.67,"Suburban"
"909",20.08676,3.14,4274.48,2201.71,1752.54,"Urban"
"910",2.75296,3.6,767.3,864.74,4663.74,"Suburban"
"911",64.6209,3.07,2731.64,7403.02,8037.21,"Urban"
"912",145.50914,1.81,3597.03,7997.49,5057.54,"Rural"
"913",39.70264,1.65,1105.1,5143.49,1884.68,"Suburban"
"914",66.58292,2.31,4525.86,2499.47,6076.32,"Urban"
"915",170.53727,2,4421.4,6378.92,11683.45,"Suburban"
"916",121.6002,1.31,2253.8,2885.72,5722.91,"Suburban"
"917",126.51856,1.89,2311.68,7934.7,8317.04,"Suburban"
"918",57.26718,1.59,945.87,5149.44,10271.19,"Urban"
"919",4.49688,2.48,343.36,3308.9,2051.59,"Rural"
"920",149.82451,1.69,2308.76,7145.56,10470.37,"Rural"
"921",46.85846,3.15,4236.19,6059.13,2631.35,"Urban"
"922",846.49562,0.98,4083.64,7123.88,7991.81,"Urban"
"923",350.42153,1.22,3969.69,5301.85,6400.03,"Urban"
"924",54.00093,2.23,1948.05,6446.17,3857.63,"Urban"
"925",213.45372,1.6,4122.58,3514.59,9289.82,"Suburban"
"926",53.22153,2.97,4839.88,2689.61,6300.58,"Urban"
"927",42.13109,3.35,4581.93,4945.43,2901.57,"Suburban"
"928",33.2848,2.82,3867.24,2883.22,1835.18,"Urban"
"929",304.35691,1.66,4661.46,6439.45,7989.59,"Rural"
"930",220.84989,1.58,4779.71,4821.1,7807.27,"Rural"
"931",38.37855,3.61,2708.32,7444.14,7977.76,"Suburban"
"932",47.81759,2.99,4880.95,4096.12,4571.25,"Urban"
"933",126.74463,1.7,3866.68,3671.77,3787.87,"Urban"
"934",73.65922,2.25,2372.41,6267.74,7480.03,"Urban"
"935",29.40592,3.52,3489.65,5147.77,5319.61,"Urban"
"936",12.90655,2.67,2693.49,739.28,3318.81,"Rural"
"937",99.41062,1.89,2393.23,4139.7,11158.73,"Suburban"
"938",194.82541,1.16,2670.75,2760.23,11937.47,"Suburban"
"939",8.87741,2.81,676.77,3146.92,2784.35,"Rural"
"940",324.29466,1.52,4744.1,5666.97,9339.76,"Suburban"
"941",47.96875,3.38,3737.25,7924.84,7910.94,"Rural"
"942",170.68089,2.18,3710.78,7893.82,11407.59,"Urban"
"943",75.76911,2.05,3979.82,3417.12,3706.19,"Urban"
"944",57.731,2.36,2445.12,6965.33,3120.64,"Suburban"
"945",134.39964,1.34,1367.93,6802.27,6897.28,"Urban"
"946",74.90235,2.05,1811.57,5692.45,11341.91,"Suburban"
"947",34.71946,2.16,2349.15,2873.46,3807.68,"Rural"
"948",7.95008,3.64,4035.5,872.24,3087.14,"Urban"
"949",62.36372,2.19,2497.72,5452.36,4812.83,"Rural"
"950",15.72097,3.33,2218.46,1809.44,8362,"Suburban"
"951",21.41427,3.55,2312.84,4674.48,6369.54,"Rural"
"952",103.33857,1.34,1089.23,5615.8,8777.26,"Suburban"
"953",205.55909,1.65,4758.14,5881.6,5797.98,"Urban"
"954",79.09391,1.06,847.08,3144.7,5424.5,"Suburban"
"955",25.8524,2.88,2379.73,3316.38,2313.51,"Urban"
"956",53.53435,1.2,1030.52,6000.71,1101.42,"Rural"
"957",39.45851,1.74,1402.77,3419.88,3079.42,"Urban"
"958",190.51331,1.07,1360.67,5910.34,9866.36,"Urban"
"959",16.99784,2.83,3210.96,1493.92,3190.69,"Urban"
"960",77.96169,1.39,3964.22,884.59,4601.87,"Suburban"
"961",32.21687,2.42,1118.9,7735.71,7569.93,"Suburban"
"962",54.58539,1.13,371.56,7169.19,5507.82,"Rural"
"963",124.72478,1.89,4707.38,6469.44,1251.86,"Suburban"
"964",83.71731,1.84,2148.68,7102.5,5174.05,"Suburban"
"965",106.95372,2.6,4551.93,6581.28,5928.33,"Suburban"
"966",5.97243,2.74,912.18,580.93,11119.22,"Suburban"
"967",45.97411,1.48,752.79,3459.32,8515.84,"Suburban"
"968",30.39897,3.14,4278.08,6326.13,1112.07,"Urban"
"969",37.04688,3.68,3338.15,7236.39,5524.98,"Suburban"
"970",60.01175,3.01,4375.34,4744.15,8818.86,"Urban"
"971",94.72944,2.28,2128.95,7619.24,11016.19,"Urban"
"972",55.06565,2.27,4044.6,1672.12,10974.31,"Urban"
"973",6.39137,2.53,731.72,1238.72,4707.27,"Suburban"
"974",280.24982,1.02,3505.82,2087.8,10810.2,"Suburban"
"975",86.0363,1.68,3292.68,3036.08,2875.42,"Rural"
"976",54.41497,1.54,928.99,7575.22,2523.28,"Suburban"
"977",31.09462,2.31,2804.82,2362.55,3104.4,"Urban"
"978",92.26877,1.62,3879.49,3872.84,1099.94,"Suburban"
"979",98.92701,2.25,3446.29,7694.67,3617.13,"Suburban"
"980",31.27371,3.04,3480.54,1696.61,11663.13,"Suburban"
"981",55.47316,0.95,775.75,1728.16,4019.5,"Rural"
"982",82.00155,1.94,3058.43,2938.7,7832.25,"Urban"
"983",18.77134,2.46,573.51,5765.99,9492.29,"Urban"
"984",9.8993,2.74,563.24,6735.25,2615.87,"Suburban"
"985",31.69717,2.66,2242.87,3523.83,3629.72,"Urban"
"986",17.3309,2.98,4926.57,547.17,5851.13,"Suburban"
"987",104.05901,2.11,2787.82,5648,8565.52,"Urban"
"988",45.29407,3.52,4182.37,4665.46,6768.03,"Rural"
"989",37.40063,0.99,643.25,1123.99,7617.59,"Rural"
"990",35.54705,3.19,3422.23,4049.8,6677.87,"Urban"
"991",39.86538,3.54,3456.85,4397.86,10799.33,"Suburban"
"992",25.61889,2.81,1777.9,3873.73,7342.64,"Rural"
"993",82.41709,2.85,4803.69,5185.6,9742.07,"Suburban"
"994",494.7009,1.09,4121.67,4912.64,5439.96,"Rural"
"995",418.44254,1.1,3900.92,4737.77,7909.06,"Rural"
"996",17.65928,3.23,1828.68,7756.69,1511.05,"Rural"
"997",25.34891,1.75,417.77,4737.83,7247.98,"Suburban"
"998",397.09918,0.94,2331.55,5625.21,7203.72,"Suburban"
"999",59.7292,2.96,3200.63,7114.9,4990.69,"Suburban"
"1000",9.85709,3.25,1066.17,2597.46,10625.08,"Urban"
"1001",6.87909,3.68,715.02,3753.21,9455.55,"Suburban"
"1002",69.11556,3.21,4812.22,5917.11,6715.86,"Suburban"
"1003",25.15214,2.38,3811.68,601.73,6134.09,"Urban"
"1004",45.26297,2.79,4236.6,3157.53,3518.57,"Rural"
"1005",175.93907,1.34,2500.99,6842.9,3238.38,"Urban"
"1006",43.34081,3.28,3688.96,7162.81,2482.6,"Rural"
"1007",93.00497,1.56,2228.34,6800,1254.44,"Rural"
"1008",67.60967,3.65,4721.78,7502.89,10401.91,"Urban"
"1009",230.68095,1.41,3117.89,3902.77,8907.44,"Rural"
"1010",59.02035,3.19,3993.12,4482,9928.22,"Rural"
"1011",6.90463,3.12,1500.46,927.96,5877.74,"Suburban"
"1012",95.82139,1.66,3511.31,2196.02,4016.52,"Rural"
"1013",111.71303,1.89,4652.11,2794.24,6433.33,"Urban"
"1014",135.83835,1.92,3166.43,7491.72,7330.59,"Suburban"
"1015",121.00924,1.51,2753.51,7804.05,1496.21,"Suburban"
"1016",11.96359,3.55,4031.29,543.82,7917.48,"Rural"
"1017",219.14104,1,4330.26,984.15,10335.08,"Urban"
"1018",69.60274,2.3,2120.61,5304.35,9320.66,"Rural"
"1019",70.32789,2.88,4198.64,7306.66,4958.79,"Rural"
"1020",97.8469,2.69,4787.43,7448.38,6332.69,"Urban"
"1021",35.37228,1.41,2259.86,624.78,4507.47,"Suburban"
"1022",270.67924,1.43,2841.25,7707.45,11086.43,"Suburban"
"1023",17.29472,2.51,2000.5,2829.26,1906.16,"Suburban"
"1024",3.95303,3.65,727.37,1452.18,7629.3,"Suburban"
"1025",138.86797,1.54,2159.53,5559.12,6028.71,"Urban"
"1026",24.97739,3.44,3083.99,2956.11,5397.77,"Suburban"
"1027",13.60455,3.53,2259.71,3841.95,2185.1,"Urban"
"1028",187.12716,1.83,3808.1,6526.59,11598.05,"Rural"
"1029",38.19331,0.97,368.29,2835.57,5705.58,"Urban"
"1030",21.29083,3.52,2526.82,4807.15,5894.94,"Suburban"
"1031",9.45249,3.08,1091.09,1844.78,6627.71,"Urban"
"1032",18.08939,3.21,3076.98,3299.8,3010.11,"Rural"
"1033",92.65938,1.98,2823.84,6613.15,5012.56,"Urban"
"1034",23.60804,3.26,3293.21,2970.47,2853.44,"Suburban"
"1035",118.98774,1.94,2988.55,6674.58,6780.49,"Rural"
"1036",1.96004,3.59,340.75,2479.65,2751.04,"Suburban"
"1037",10.33962,2.51,1268.55,1887.04,1863.66,"Rural"
"1038",59.53373,2.01,1442.72,7228.12,9955.83,"Suburban"
"1039",24.33161,2.52,827.93,7300.88,10659.93,"Suburban"
"1040",81.47454,2.43,3629.5,7402.26,5040.3,"Urban"
"1041",56.99983,2.78,4652,4778,4385.75,"Suburban"
"1042",17.44739,1.73,465.62,2665.12,8537.21,"Rural"
"1043",62.00609,1.08,392.75,6768.47,2777.5,"Suburban"
"1044",44.69432,2.97,3909.6,6871.98,2630.34,"Urban"
"1045",19.27631,3.23,2839.12,2086.29,4791.16,"Suburban"
"1046",119.9117,1.17,1744.71,3356.16,4520.76,"Rural"
"1047",10.69842,3.34,1002.67,4350.64,6232.35,"Rural"
"1048",62.76019,1.7,1129.28,6135.62,6790.76,"Urban"
"1049",188.06993,1.65,4578.55,3655.07,7449.86,"Urban"
"1050",25.44215,3.7,2966,6414.13,3060.06,"Suburban"
"1051",68.67653,1.76,4385.01,1461.35,4908.71,"Urban"
"1052",246.85557,1.64,3778.46,7959.04,7523.84,"Urban"
"1053",38.19386,3.09,3313.68,3296.12,9769.96,"Suburban"
"1054",26.61195,2.17,2135.69,2070.18,2374.93,"Urban"
"1055",56.02314,1.89,4917.16,625.74,11574.73,"Suburban"
"1056",129.93087,1.36,2172.96,4750.88,5010.14,"Rural"
"1057",176.20227,1.48,4961.88,1740.52,8390.88,"Urban"
"1058",451.53299,1.08,3406.15,7280.4,9928.95,"Rural"
"1059",120.54556,2.11,4536.78,5129.67,7679.15,"Urban"
"1060",735.84195,1.02,4594.85,7479.59,6236.04,"Urban"
"1061",76.46035,1.78,2399.34,5653.11,2142.85,"Rural"
"1062",37.24391,2.78,3521.67,2249.43,9919.27,"Rural"
"1063",206.46243,1.8,3410.19,7403.92,10098.6,"Rural"
"1064",100.60945,1.63,4689.12,2061.4,2858.86,"Urban"
"1065",59.65407,2.08,2543.05,3877.81,3697.48,"Suburban"
"1066",171.37318,1.41,4190.53,5695.61,1670.83,"Rural"
"1067",95.80204,2.6,4999.23,5162.68,8684.69,"Suburban"
"1068",117.62679,2.52,4476.69,6847.18,10830.15,"Suburban"
"1069",23.18937,1.82,1035.84,3349.16,1836.32,"Urban"
"1070",14.83145,3.5,3167.67,2718.07,1550.75,"Suburban"
"1071",76.1048,2.56,3524.62,7891.95,4424.9,"Urban"
"1072",43.99791,1.2,1021.53,2746.09,2239.87,"Suburban"
"1073",10.80194,2.36,1005.92,973.09,11166.91,"Suburban"
"1074",28.4303,2.46,4037.84,932.53,5083.07,"Suburban"
"1075",12.54312,3.27,1857.78,1627.84,8696.76,"Suburban"
"1076",78.04547,1.28,2831.41,790.46,10912.36,"Urban"
"1077",48.03948,2.7,2700.16,5691.14,4573.59,"Suburban"
"1078",43.01051,3.57,4618.17,4523.68,6229.82,"Rural"
"1079",25.47867,2.47,886.3,6804.09,4302.91,"Rural"
"1080",44.65803,1.59,3206.74,1077.97,2056.15,"Rural"
"1081",25.62241,2.1,2699.71,1246.78,2079.14,"Suburban"
"1082",26.43055,2.09,1648.44,1826.07,7050.05,"Suburban"
"1083",118.24831,2.45,4719.01,6517.73,7065.02,"Urban"
"1084",82.96364,1.39,3216.23,1556.93,3161.53,"Urban"
"1085",25.43461,3.43,1659.99,6503.57,11840.43,"Suburban"
"1086",27.89608,3.28,3739.82,2515.3,9126.01,"Urban"
"1087",184.2675,1.62,3256.28,5629.67,10406.36,"Rural"
"1088",88.86989,1.44,3548.46,1108.34,9517.66,"Urban"
"1089",227.25538,1.24,4132.66,3470.91,3940.59,"Urban"
"1090",58.19441,1.22,3665.41,280.88,11536.73,"Suburban"
"1091",24.15757,2.31,2536.45,1678.77,3045.28,"Urban"
"1092",32.14103,0.93,419.73,1053.28,7587.81,"Urban"
"1093",42.28347,3.15,2472.55,7927.8,7924.35,"Rural"
"1094",35.07577,2.9,4893.28,1474.8,10176.81,"Suburban"
"1095",92.93693,2.83,4409.68,6369.51,7795.54,"Urban"
"1096",43.49051,3.02,3803.39,3285.96,9367.81,"Urban"
"1097",4.65052,3.54,1764.63,521.24,8164.78,"Urban"
"1098",42.8665,2.52,2510.38,3080.25,10508.57,"Rural"
"1099",28.60555,2.8,1267.83,5577.54,9041.1,"Urban"
"1100",126.5618,1.35,2002.58,5163.01,3807.64,"Rural"
"1101",36.35171,3.56,3527.6,5445.88,7774.29,"Urban"
"1102",173.77381,1.74,4688.57,3112.9,7917.29,"Urban"
"1103",149.47031,1.03,2878.98,3830.01,1006.44,"Suburban"
"1104",32.49347,3.42,2300.05,5765.86,8127.48,"Urban"
"1105",43.68723,2.92,2304.24,6280.91,10439.99,"Suburban"
"1106",328.18833,0.96,4149.44,2418.24,5025.35,"Urban"
"1107",419.11844,0.98,2067.58,7570.02,11643.49,"Suburban"
"1108",29.69583,1.63,383.69,7290.68,4891.72,"Suburban"
"1109",370.27817,1.11,4439.36,4419.23,11218.3,"Suburban"
"1110",102.80088,1.88,2039.6,7836.03,10620.57,"Suburban"
"1111",14.81996,3.54,2265.6,5153.08,1496.49,"Rural"
"1112",24.68748,2.89,4940.21,861.59,5095.43,"Rural"
"1113",10.38257,3.46,1862.46,2961.46,1987.45,"Suburban"
"1114",242.72695,0.99,3819.57,2369.27,6260.97,"Rural"
"1115",24.43701,3.57,2498.29,6404.35,3364.03,"Rural"
"1116",233.23315,1.23,2922.69,5487.99,2961.65,"Urban"
"1117",27.8259,3.2,1795.97,6311.52,9771.28,"Rural"
"1118",30.02053,3.52,2509.34,5235.96,6837.49,"Urban"
"1119",160.9216,1.87,3386.73,5272.25,10586.54,"Urban"
"1120",14.84596,3.54,2564.66,5190.36,1331.4,"Urban"
"1121",18.34448,3.61,3243.33,3232.03,1906.46,"Rural"
"1122",92.17257,1.65,3473.96,2148.07,11560.67,"Rural"
"1123",255.43267,1.01,4303.31,2667.34,3029.39,"Rural"
"1124",84.74973,1.67,1927.99,3675.77,10189.95,"Rural"
"1125",104.63708,1.93,3967.44,3150.86,6808.9,"Suburban"
"1126",32.91603,3.42,2873.65,5911.39,3306.34,"Urban"
"1127",26.09865,2.87,2067.58,4455.17,2799.22,"Urban"
"1128",138.64666,1.81,4131.54,6905.83,2279.79,"Rural"
"1129",370.35966,1.09,4107.82,6298.94,2779.21,"Urban"
"1130",96.72469,2.14,4551.53,4712.81,3020.84,"Rural"
"1131",37.26194,3.03,3313.77,3168.41,8594.57,"Rural"
"1132",28.92374,1.67,2886.79,285.8,9765.54,"Rural"
"1133",44.54512,2.9,3357.27,5970.29,5075.04,"Urban"
"1134",29.7849,3.42,4506.07,4205.41,1726.99,"Suburban"
"1135",25.73984,2.37,1373.84,6240.2,1213.51,"Urban"
"1136",9.52327,3.29,1626.43,1604.53,5774.13,"Suburban"
"1137",170.19947,1.04,2712.56,3005.42,2888.58,"Rural"
"1138",17.15709,3.57,4425.76,575.94,9830.05,"Rural"
"1139",59.31262,3.59,4751.91,7836.72,11292.52,"Rural"
"1140",35.845,2.55,4531.75,1551.23,4400.54,"Urban"
"1141",196.088,1.58,1952.28,7441.55,10768.26,"Urban"
"1142",32.04587,3.05,2031.12,3786.43,7900.27,"Urban"
"1143",106.31746,1.84,3637.82,2426.3,11771.95,"Suburban"
"1144",56.40568,2.89,4140.32,5143.33,2074.36,"Urban"
"1145",122.12223,1.25,1328.7,4750.51,6451.97,"Urban"
"1146",93.80177,2.06,3455.92,3747.31,6529.67,"Urban"
"1147",11.66053,3.36,1999.64,1274.51,6185.83,"Urban"
"1148",46.2385,2.75,4449.93,2572.29,9730.56,"Urban"
"1149",10.31186,3.04,648.61,5239.1,5928.18,"Suburban"
"1150",235.28728,1.64,4469.29,5819.21,5169.11,"Urban"
"1151",9.88912,2.82,1379.03,3370.98,1511.15,"Rural"
"1152",3.8537,3.69,622.91,2297.82,4566.66,"Suburban"
"1153",131.40915,0.97,3481.48,579.02,6497.24,"Rural"
"1154",59.19099,1.99,1571.2,6859.43,6063.88,"Urban"
"1155",84.97534,2.57,4040.91,6223.39,7734.78,"Rural"
"1156",473.43331,1.07,3782.27,7789.89,4952.8,"Suburban"
"1157",15.20017,3.42,2570.14,1620.01,9505.92,"Urban"
"1158",11.8162,3.63,858.31,6756.97,5656.87,"Rural"
"1159",55.93359,1.7,1554.54,4971.67,3281.87,"Rural"
"1160",4.96482,2.43,1076.04,261.75,9718.92,"Rural"
"1161",64.80245,1.63,1879.98,2578.93,8473.44,"Urban"
"1162",321.22844,1.05,4180.02,5620.5,1003.53,"Urban"
"1163",26.00548,2.54,2288.01,3868.37,1894.99,"Urban"
"1164",33.1896,2.13,2557.34,3142.19,1979.42,"Urban"
"1165",49.53279,3.02,2984.01,6205.77,10091.8,"Rural"
"1166",27.29499,2.83,2487.28,2302.95,8777.38,"Urban"
"1167",3.61804,2.86,665.8,551.94,10953.67,"Urban"
"1168",40.53897,2.79,2645.08,3553.75,8441.41,"Urban"
"1169",38.97219,2.93,4498.43,3143.76,2689.59,"Rural"
"1170",165.36598,1.81,2666.12,7729.25,9686.78,"Rural"
"1171",36.35962,3.54,2691.27,6069.98,8878.56,"Rural"
"1172",19.67443,3.1,2964.03,3400.47,2001.81,"Suburban"
"1173",73.21106,2.18,2801.63,6196.55,6354.65,"Rural"
"1174",24.22586,3.55,4117.52,5769.93,1281.01,"Urban"
"1175",25.10533,2.37,4491.58,744.63,3950.85,"Suburban"
"1176",129.17034,1.57,2795.78,3644.9,10687.63,"Suburban"
"1177",8.55936,3.23,2613.01,472.76,10045.45,"Urban"
"1178",361.76409,0.95,4545.55,5098.93,1338.25,"Suburban"
"1179",20.41806,3.39,3986.8,1903.32,5957.61,"Suburban"
"1180",21.81354,2.89,4688.8,1313.57,2321.73,"Urban"
"1181",76.05929,1.95,1979.5,5540.21,6323.59,"Urban"
"1182",141.05152,1.16,2862.87,1628.99,8055.14,"Urban"
"1183",64.22921,3.37,4524.8,6006.68,10457.2,"Suburban"
"1184",316.40587,0.92,4533.3,1650.44,7126.75,"Suburban"
"1185",28.53846,2.31,955.14,5468.4,9237.53,"Urban"
"1186",283.62319,1.45,4535.99,5359.15,10618.2,"Urban"
"1187",27.73778,3.31,4222.68,2968.4,2823.34,"Urban"
"1188",15.8556,2.15,2366.77,415.62,4427.51,"Urban"
"1189",56.50689,2.61,3266.14,3202.01,11804.16,"Rural"
"1190",159.46876,1.38,1711.67,5899.47,7278.62,"Suburban"
"1191",5.37576,2.63,415.79,4158.84,2581.74,"Rural"
"1192",86.56675,1.47,1967.54,2890.21,6987.47,"Urban"
"1193",401.51572,0.99,3854.71,2576.94,10035.18,"Suburban"
"1194",35.31774,2.55,2529.59,3294.44,6311.35,"Suburban"
"1195",98.99719,1.18,1239.4,3026.83,9214.9,"Urban"
"1196",45.95135,3.46,4751.05,3212.15,11811.38,"Urban"
"1197",224.24959,0.95,3997.88,1046.74,5549.34,"Urban"
"1198",55.18081,3.24,3957.37,4414.75,9535.61,"Rural"
"1199",67.01874,2.22,4579.46,2287.66,4045.88,"Rural"
"1200",231.07242,0.93,2405.38,1566.39,10421.8,"Suburban"
"1201",86.51118,1.05,3584.84,588.98,3347.29,"Rural"
"1202",165.81827,1.21,2841.28,5223.84,1688.88,"Suburban"
"1203",29.85236,3.15,3708.08,1905.07,10196,"Rural"
"1204",40.36432,3.65,4665.52,6782.22,3991.96,"Suburban"
"1205",20.91158,3.67,2947.86,4012.07,6497.04,"Urban"
"1206",101.16292,1.58,3662.6,4671.13,1100.29,"Suburban"
"1207",55.67565,1.43,1546.85,1919.86,7172.54,"Urban"
"1208",21.36384,2.05,2794.76,712.35,3818.99,"Rural"
"1209",247.68637,1.19,2806.41,4212.94,9696.06,"Suburban"
"1210",16.96208,3.67,2039.97,4701.32,3673.65,"Urban"
"1211",85.69218,1.91,1628.48,7942.39,6468.08,"Suburban"
"1212",9.44911,3.22,3546.33,516.19,5912.53,"Urban"
"1213",56.8514,2,1536.99,7410.5,4385.95,"Urban"
"1214",41.69459,3.52,3620.79,6996.65,4301.26,"Suburban"
"1215",78.71447,1.17,1595.1,2347.42,3372.72,"Urban"
"1216",19.55117,3.46,2318.96,5131.2,2347.92,"Suburban"
"1217",30.55784,1.08,1044.71,583.36,6258.53,"Urban"
"1218",30.43763,2.72,2647.8,4117.73,1838.86,"Urban"
"1219",44.74198,3.11,2606.67,6575.45,9951.5,"Urban"
"1220",98.28422,2.73,4747.94,6819.6,9414.34,"Rural"
"1221",38.81691,2.3,2234.94,3586.88,4019.99,"Suburban"
"1222",185.53997,1.68,4691.08,4045.21,3830.52,"Suburban"
"1223",35.21242,3.44,3650.07,3650.51,9670.21,"Suburban"
"1224",107.97864,2.36,4905.84,6141.48,3177.93,"Rural"
"1225",3.67966,3.39,1109.46,513.81,10282.83,"Urban"
"1226",405.25975,1.13,2713.91,7411.48,9383.51,"Urban"
"1227",138.41895,1.46,3074.67,3051.26,6046.74,"Suburban"
"1228",208.85988,1.5,3527.4,5484.98,9515.06,"Rural"
"1229",18.80106,2.37,2831.88,613.52,9250.63,"Rural"
"1230",28.65098,3.55,3759.62,2908.6,6704.31,"Suburban"
"1231",12.3066,3.68,3669.56,2213.38,1201.41,"Suburban"
"1232",20.48609,3.52,4665.41,880.36,11559.58,"Urban"
"1233",51.59002,1.32,3577.42,360.92,6382.98,"Rural"
"1234",44.63192,2.18,3277.67,2895.49,4098.53,"Urban"
"1235",194.22627,1.48,4466.65,3839.09,5293.24,"Urban"
"1236",37.59311,1.21,977.25,2997.13,1685.19,"Suburban"
"1237",1.41294,3.56,323.84,700.53,10863.22,"Suburban"
"1238",8.52132,3.63,1399.57,1775,5189.58,"Rural"
"1239",81.70803,2.11,3002.89,4387.71,8384.33,"Rural"
"1240",35.45326,1.49,1211.47,1594.01,5315.29,"Suburban"
"1241",21.42537,3.13,1648.61,4631.38,9111.28,"Urban"
"1242",75.25103,1.77,3219.33,3923.84,2865.53,"Urban"
"1243",61.3041,3.14,4467.72,7438.66,2122.36,"Urban"
"1244",64.42732,3.6,4685.71,7673.34,10277.14,"Suburban"
"1245",101.48855,3.06,4512.08,7128.19,11094.21,"Suburban"
"1246",116.36094,1.59,2216.19,7373.22,3388.51,"Rural"
"1247",148.00488,1.21,2544.41,2659.04,6301.26,"Urban"
"1248",18.28547,2.98,2478.04,1471.15,8310.23,"Urban"
"1249",84.2666,1.91,4512.05,4237.65,1350.43,"Suburban"
"1250",31.33268,2.42,1769.55,2724.46,9126.81,"Urban"
"1251",46.49374,2.31,2653.64,3685.18,2467.42,"Urban"
"1252",47.52992,2.4,4988.59,3046.53,2094.24,"Rural"
"1253",95.25159,1.46,1519.08,5160.94,6633.02,"Rural"
"1254",46.5743,3.65,4881.11,5950.55,4924.93,"Suburban"
"1255",17.48615,2.8,831.32,6502.75,8554.2,"Rural"
"1256",9.91523,3.66,2690.08,846.29,11908.11,"Urban"
"1257",15.0172,3.69,2471.65,5105.09,1841.58,"Urban"
"1258",205.94074,1.47,3970.28,3566.04,4318.63,"Urban"
"1259",366.41251,1.18,4337.43,5804.89,7000.58,"Suburban"
"1260",104.78584,0.99,691.9,6833.75,7325.03,"Suburban"
"1261",28.22909,2.32,1696.51,4260.47,1637.36,"Urban"
"1262",69.11148,2.26,2346.6,5470.27,10386.5,"Urban"
"1263",9.19591,3.59,864.03,5025.56,3913.64,"Rural"
"1264",90.56266,1.75,3650.18,2889.51,3672.15,"Suburban"
"1265",51.24295,2.17,1717.98,7559.16,3564.86,"Urban"
"1266",21.3675,3.66,3598.83,4831.24,1925.81,"Suburban"
"1267",230.43765,1.01,3404.49,2435.99,2268.51,"Rural"
"1268",18.83332,3.37,4249.61,1018.25,8472.17,"Rural"
"1269",138.35796,1.39,2680.84,3237.61,5351.64,"Rural"
"1270",61.11025,3.14,3728.7,7742.28,9627.6,"Rural"
"1271",22.77208,3.61,2705.71,7908.02,1734.89,"Suburban"
"1272",15.93503,2.91,4522.79,543.99,9036.09,"Rural"
"1273",42.26026,2.46,4117.73,1189.85,8429.27,"Urban"
"1274",302.17888,1.1,4837.01,2837.29,5064.03,"Suburban"
"1275",194.42456,1.33,3284.38,3372.28,6413.9,"Rural"
"1276",9.95694,3.43,436.62,7838.05,11841.94,"Suburban"
"1277",26.72125,2.67,4368.51,1889.92,1990.35,"Suburban"
"1278",24.7703,1.34,360.16,3590.13,9949.92,"Suburban"
"1279",45.97112,1.56,2839.12,1572.19,1626.13,"Urban"
"1280",231.82782,1.26,4100.57,2206.6,8370.1,"Urban"
"1281",29.64608,3.09,1609.15,5599.04,10016.49,"Suburban"
"1282",29.16684,1.81,3747.1,303.34,9895.18,"Rural"
"1283",50.28796,1.81,2368.01,1691.14,7119.29,"Urban"
"1284",39.53894,1.77,1563.39,2725.37,4089.42,"Urban"
"1285",230.28407,1.76,4682.96,6408.5,4791.59,"Rural"
"1286",92.10928,2.09,3487.55,3996.16,5550.58,"Suburban"
"1287",8.89467,3.05,1693.85,753.07,10336.48,"Rural"
"1288",44.75514,3.34,4557.1,7820.02,1689.74,"Suburban"
"1289",18.95118,2.8,3515.46,732.9,7875.07,"Suburban"
"1290",67.24497,0.91,4679.02,288.23,1001.41,"Urban"
"1291",74.10786,2.52,2805.3,7934.61,10943.27,"Urban"
"1292",27.82304,2.77,3898.75,2223.5,2379.63,"Suburban"
"1293",14.45255,2.27,3226.09,276.41,6256.31,"Urban"
"1294",17.94137,1.48,2821.53,267.92,1877.92,"Urban"
"1295",322.50411,1.31,3831.41,4494.38,10087.14,"Rural"
"1296",254.64884,1.49,3986.56,4914.01,11575.71,"Rural"
"1297",19.97084,3.55,2836.58,3755.65,5102.3,"Rural"
"1298",40.98235,2.17,1923.19,7795.5,1462.18,"Suburban"
"1299",23.14477,3.57,2994.16,3027.21,7295.31,"Urban"
"1300",44.91071,2.67,2295.33,5847.03,6972.6,"Rural"
"1301",451.47623,1.26,3884.49,7541.44,10132.31,"Urban"
"1302",12.22608,3.29,1085.36,5900.25,3541.82,"Urban"
"1303",67.65187,2.63,4472.96,4491.78,5502.53,"Suburban"
"1304",15.70353,2.49,832.73,3012.09,9409.51,"Rural"
"1305",70.49626,1.55,2127.52,3580.59,2550.65,"Rural"
"1306",16.65167,2.45,3356.04,912.77,2360.32,"Suburban"
"1307",200.54343,1.75,4272.45,7596.85,7047.25,"Urban"
"1308",24.5868,2.74,2843.78,1638.56,6585.06,"Urban"
"1309",12.47779,3.57,1219.67,4820.16,3505.48,"Rural"
"1310",10.10345,2.71,1045.18,3083.28,1605.5,"Rural"
"1311",127.70199,1.72,1715.31,7153.65,10934.6,"Rural"
"1312",345.21443,0.94,2696,3289.82,11531.17,"Rural"
"1313",101.42975,1.58,1681.19,5569.35,10503.39,"Rural"
"1314",5.93647,1.57,447.12,276.45,11166.82,"Suburban"
"1315",54.8767,3.23,4107.13,7486.75,6490.47,"Suburban"
"1316",248.63732,1.2,2127.7,6566.97,10384.34,"Urban"
"1317",78.78186,2.39,4797.68,3261.91,5067.13,"Urban"
"1318",24.79405,3.33,1820.26,7773.2,3464.5,"Urban"
"1319",32.85452,3.33,4172.6,5568.86,1146.06,"Rural"
"1320",15.49783,2.28,1354.05,3250.02,1016.19,"Urban"
"1321",27.96224,1.76,678.49,4175.09,4484.77,"Urban"
"1322",77.60774,2,2639.98,5682,3678.52,"Urban"
"1323",83.52329,1.63,4575.96,1008.05,11980.24,"Rural"
"1324",39.63012,1.93,1828.12,2612.29,6036.99,"Urban"
"1325",14.1657,3.48,1486.88,4511.86,4525.94,"Rural"
"1326",45.35075,3.04,1892.77,7349.71,11932.63,"Urban"
"1327",238.13577,1.77,4194.74,7855.61,11130.44,"Suburban"
"1328",178.4381,1.52,3391.52,6573.02,3200.73,"Suburban"
"1329",33.49621,2.94,3455.37,2674.08,7018.6,"Suburban"
"1330",11.37194,1.91,337.3,3059.55,9650.61,"Urban"
"1331",47.15879,3.23,4399.99,3018.96,7229.32,"Urban"
"1332",15.30758,2.51,347.19,7852.9,10028.55,"Urban"
"1333",15.97957,3.67,3974.98,1480.52,4158.26,"Rural"
"1334",5.56592,3.44,686.15,6260.34,1629.53,"Urban"
"1335",413.74529,1.02,2263.77,7567.12,11128.66,"Rural"
"1336",5.11384,2.7,762.42,1122.39,3116.06,"Urban"
"1337",5.47189,3.11,420.86,2791.47,9947.16,"Urban"
"1338",39.87682,2.06,1914.45,2720.73,6445.56,"Rural"
"1339",152.64719,1.82,4402.34,5459.16,5659.54,"Urban"
"1340",41.74329,2.65,2283.18,5836.5,4936.15,"Suburban"
"1341",55.84862,2.21,3818.51,1978.07,6795.99,"Suburban"
"1342",211.19102,1.57,3795.7,6780.63,3547.04,"Urban"
"1343",222.9652,1.46,4616.57,2788.5,10875.09,"Urban"
"1344",37.46196,2.48,2292.5,3024.1,8490.86,"Rural"
"1345",65.65341,2.57,3971.62,3153.55,9178.8,"Urban"
"1346",31.78413,3.14,2649.71,6369.33,4387.63,"Urban"
"1347",27.61326,2.71,1519.91,2989.4,11869.28,"Rural"
"1348",9.34152,3.25,543.39,6813.24,5574.96,"Suburban"
"1349",35.32534,1.4,384.46,7259.17,4801.44,"Rural"
"1350",30.73136,1.88,1719.83,4601.49,1334.1,"Urban"
"1351",248.73963,1.5,3526.47,4583.68,11789.51,"Urban"
"1352",326.9986,1.08,3502.24,3059.91,8372.52,"Suburban"
"1353",15.98331,3.43,1702.37,2292.89,9591.76,"Suburban"
"1354",12.06732,2.91,613.47,5148.76,6810.63,"Rural"
"1355",183.22562,1.06,4826.63,956.42,5984.19,"Rural"
"1356",8.14471,3.56,1916.89,822.44,9517.83,"Suburban"
"1357",11.75874,2.6,492.7,6773.34,7105.98,"Urban"
"1358",33.62556,3.19,3340.35,2850.24,6663,"Suburban"
"1359",35.71983,3.2,4057.59,3788.95,7503.69,"Rural"
"1360",39.40189,3.49,3328.3,4643.41,8447.17,"Urban"
"1361",71.35095,2.49,2524.67,6518.37,10712.8,"Suburban"
"1362",55.77058,1.57,3585.21,1381.81,1771.79,"Urban"
"1363",117.8151,1.69,2932.62,7390.61,2796.46,"Urban"
"1364",245.72731,1.19,4033.21,1817.5,9602.14,"Urban"
"1365",123.08251,2.3,4985.9,4890.56,9544,"Rural"
"1366",39.90185,2.95,3417.8,7182.34,1855.04,"Suburban"
"1367",52.08276,1.55,3152.71,1057.74,2407.28,"Urban"
"1368",15.71002,3.64,2158.24,4257.19,5030.99,"Urban"
"1369",2.69662,3.58,338.51,2529.22,4920.08,"Suburban"
"1370",8.06783,3.38,2798.59,942.4,1862.32,"Urban"
"1371",164.98489,1.92,4066.75,6518.06,8259.48,"Rural"
"1372",217.72272,1.43,4983.08,2085.11,11043.81,"Suburban"
"1373",13.50569,2.36,1942.82,873.67,4148.51,"Urban"
"1374",122.23216,1.79,4432.21,3261.23,4295.88,"Rural"
"1375",25.36638,1.6,571.15,4932.34,3893.49,"Suburban"
"1376",35.84678,3.39,2558.34,6799.92,8547.12,"Urban"
"1377",12.82442,3.11,1274.74,3794.15,3983.1,"Rural"
"1378",59.48101,3.3,4211.71,6579.24,5819.98,"Urban"
"1379",13.24061,3.2,2727.98,1123.81,8408.18,"Rural"
"1380",153.86707,1.08,1423.71,6551.23,2450.27,"Suburban"
"1381",33.79852,1.09,857.66,1192.21,3183.98,"Rural"
"1382",90.16543,2.41,3364.82,7319.84,7160.17,"Rural"
"1383",337.67601,0.96,3264.51,4350.12,2648.1,"Urban"
"1384",19.86076,3.07,2522.25,2851.27,2842.65,"Urban"
"1385",59.38488,2.84,4730.79,7492.9,1272.87,"Rural"
"1386",148.361,1.37,2894.02,2510.79,10965.86,"Urban"
"1387",13.95408,2.79,626.6,4306.94,9741.77,"Urban"
"1388",36.99787,2.89,1961.32,4658.85,11531.56,"Suburban"
"1389",16.20964,3.15,1724.09,2663.33,7733.48,"Rural"
"1390",16.89825,3.38,1559.6,3992.76,10599.09,"Suburban"
"1391",306.29705,0.9,4119.45,1229,10128.07,"Rural"
"1392",27.05866,2.61,784.04,7056.25,8690.09,"Rural"
"1393",34.26426,3.01,2868.8,4606.33,4069.69,"Rural"
"1394",51.6322,1.59,1041.94,5035.52,4169.44,"Urban"
"1395",493.15476,1.05,3150.14,7548.44,10773.53,"Urban"
"1396",59.84041,2.35,4163.93,1823.72,11274.97,"Urban"
"1397",10.74095,2.54,412.81,6203.97,5917.88,"Suburban"
"1398",53.77374,2.79,3590.48,4305.92,10175.82,"Suburban"
"1399",28.50456,3.16,4722.57,1217.73,9426.86,"Rural"
"1400",29.26468,1.95,3554.64,384.41,11927.99,"Suburban"
"1401",8.68563,2.96,608.42,6140.12,1727.86,"Suburban"
"1402",12.51162,3.41,3709.83,1410.47,1905.45,"Rural"
"1403",23.97624,2.8,2085.43,4158.86,4682.11,"Suburban"
"1404",92.49509,2.1,3483.57,6621.58,3364.83,"Rural"
"1405",123.30305,1.07,3377.32,883.53,3867.85,"Rural"
"1406",211.56656,1.76,3880.91,7899.93,8044.17,"Suburban"
"1407",185.90543,1.98,4548.33,6744.98,5376.27,"Suburban"
"1408",121.96413,1.83,2276.08,6339.23,10239.48,"Urban"
"1409",7.0415,2.56,398.52,4104,3017.75,"Rural"
"1410",118.75014,2.18,2981.18,6920.92,11049.52,"Rural"
"1411",45.96774,2.11,3457.36,3794.03,1208.25,"Urban"
"1412",111.82846,1.73,2174.06,5397.85,11997.76,"Suburban"
"1413",40.40093,2.99,4568.17,6313.07,2234.08,"Urban"
"1414",65.3705,2.61,3232.98,5326.57,9908.72,"Urban"
"1415",161.17678,1.54,3193.4,4732.57,5626.01,"Suburban"
"1416",35.18024,3.1,3749.96,3297.53,9551.3,"Suburban"
"1417",122.77416,1.98,4968.66,2445.83,8183.99,"Urban"
"1418",585.16698,0.91,4804.24,7716.54,2358.19,"Rural"
"1419",22.80603,2.65,2034.92,1997.3,11385.76,"Urban"
"1420",283.17165,1.45,4681.16,3082.94,11997.41,"Rural"
"1421",17.07246,3.33,1893.72,5272.66,1942.68,"Suburban"
"1422",175.08101,1.31,3076.25,5926.67,1763.93,"Urban"
"1423",9.02473,3.46,1707.67,2947.54,1530.65,"Suburban"
"1424",58.56232,2.05,2038.21,5989.29,3141.57,"Urban"
"1425",4.00296,3.39,1406.52,650.15,4086.42,"Rural"
"1426",88.26631,1.59,2929.96,3362.43,3365.76,"Rural"
"1427",38.08331,2.18,1065.62,7327.97,7312.25,"Suburban"
"1428",15.19745,3.32,1261.83,4336.48,8856.42,"Suburban"
"1429",59.81367,2.3,3290.09,3201.51,4728.82,"Urban"
"1430",33.19861,1.12,306.7,7434.26,1220.18,"Rural"
"1431",139.88246,1.96,3398.32,5148.6,10468.76,"Urban"
"1432",17.93028,2.89,1108.84,3961,11678.84,"Urban"
"1433",38.38714,2.04,1496.79,6294.72,1251.99,"Rural"
"1434",60.82904,1.72,1180.78,4539.17,7125.42,"Rural"
"1435",8.20857,1.51,501.01,384.16,9228.3,"Rural"
"1436",16.90857,2.21,324.61,7763.3,11192.85,"Rural"
"1437",47.63792,2.94,2473.24,7395.58,11414.86,"Rural"
"1438",19.468,2.67,2186.99,2739.3,2488.89,"Rural"
"1439",18.62054,2.88,958.96,5264.81,7078.3,"Suburban"
"1440",56.97926,3.07,3102.2,6897.72,6468.34,"Urban"
"1441",22.01859,3.7,1944.97,4639.2,10661.97,"Urban"
"1442",36.14479,1.76,1718.59,1138.33,11496.68,"Urban"
"1443",34.92064,2.37,3068.86,3828.48,1466.24,"Suburban"
"1444",29.04578,2.89,3172.65,2694.4,4374.07,"Suburban"
"1445",38.96598,1.5,4088.2,366.49,2308.9,"Suburban"
"1446",49.95984,3.29,3458.95,5309.12,8540.98,"Rural"
"1447",50.00871,1.52,1184.74,2505.76,7147.04,"Urban"
"1448",43.77403,1.74,1651,1848.45,9422.63,"Suburban"
"1449",266.6952,1.62,4839.67,6818.85,6857.09,"Urban"
"1450",39.16052,2.61,4226.59,1265.42,8507.02,"Urban"
"1451",19.76882,3.29,2064.44,2252.15,11135.07,"Rural"
"1452",98.09168,1.94,2319.54,6919.27,6925.57,"Urban"
"1453",41.51934,1.12,951.16,1125.16,8883.78,"Suburban"
"1454",31.56876,2.44,2207.07,2451.94,8598.38,"Urban"
"1455",159.0263,1.35,3196.74,3705.9,2487.52,"Suburban"
"1456",79.58395,2.01,2273.87,4883.38,10471.53,"Urban"
"1457",33.58976,3.65,4342.87,2136.25,10124.35,"Urban"
"1458",1.73144,3.34,339.69,1377.11,2544.42,"Suburban"
"1459",26.0893,1.65,677.59,3493.26,4976.61,"Suburban"
"1460",340.16362,0.97,4492.05,3811.75,1572.2,"Rural"
